rank_univariate_f1,feature,group,mi,f_stat,p_value,pearson_corr,univariate_f1
1,syll__media_silabas_por_palavra,syllables,0.346873,7521.0211,0.0000e+00,0.6906,0.840442
2,nilc__flesch,nilc,0.332790,7198.0569,0.0000e+00,-0.6827,0.833691
3,nilc__syllables_per_content_word,nilc,0.321309,6777.4742,0.0000e+00,0.6716,0.830188
4,nilc__honore,nilc,0.306536,4811.0438,0.0000e+00,0.6070,0.818537
5,nilc__content_word_diversity,nilc,0.327338,4794.3402,0.0000e+00,0.6063,0.815214
6,nilc__punctuation_diversity,nilc,0.243055,3823.7218,0.0000e+00,-0.5628,0.796318
7,liwc__word_count,liwc,0.230174,3189.1109,0.0000e+00,0.5281,0.791544
8,liwc__matched_words,liwc,0.225264,2939.3930,0.0000e+00,0.5126,0.790073
9,nilc__idade_aquisicao_mean,nilc,0.254826,5311.6475,0.0000e+00,0.6259,0.788275
10,nilc__idade_aquisicao_55_7_ratio,nilc,0.252015,4023.3708,0.0000e+00,0.5726,0.780203
11,nilc__idade_aquisicao_1_25_ratio,nilc,0.282635,3632.1845,0.0000e+00,-0.5529,0.780040
12,"ud__VERB(PUNCT/punct, *, NOUN/obj)",enhanced_ud,0.194001,2091.3735,0.0000e+00,0.4497,0.776215
13,nilc__ttr,nilc,0.248003,2511.3617,0.0000e+00,0.4831,0.774735
14,nilc__lsa_span_mean,nilc,0.212541,2059.8468,0.0000e+00,0.4470,0.767987
15,ud__ADJ(*),enhanced_ud,0.234909,3574.6299,0.0000e+00,0.5499,0.765499
16,nilc__lsa_paragraph_std,nilc,0.297453,2169.1011,0.0000e+00,-0.4563,0.765359
17,nilc__lsa_givenness_mean,nilc,0.205551,2226.2163,0.0000e+00,0.4610,0.763996
18,nilc__gerund_verbs,nilc,0.256342,2887.4851,0.0000e+00,0.5092,0.762598
19,nilc__long_sentence_ratio,nilc,0.258789,4214.1251,0.0000e+00,0.5815,0.762542
20,pos__ADJ,pos_tagger,0.242045,3167.4379,0.0000e+00,0.5268,0.761192
21,nilc__imageabilidade_25_4_ratio,nilc,0.239892,4004.3834,0.0000e+00,0.5717,0.760995
22,nilc__imageabilidade_4_55_ratio,nilc,0.230225,3483.0086,0.0000e+00,-0.5449,0.757470
23,nilc__cross_entropy,nilc,0.172653,2159.7210,0.0000e+00,-0.4555,0.754313
24,nilc__lsa_all_std,nilc,0.442328,800.3260,4.0206e-168,0.2974,0.752538
25,nilc__short_sentence_ratio,nilc,0.222944,3380.8153,0.0000e+00,-0.5392,0.744202
26,nilc__lsa_all_mean,nilc,0.167816,2265.3636,0.0000e+00,0.4642,0.740907
27,nilc__non-inflected_verbs,nilc,0.211326,2705.7340,0.0000e+00,0.4970,0.739993
28,nilc__function_word_diversity,nilc,0.175634,2290.8029,0.0000e+00,-0.4662,0.739766
29,nilc__familiaridade_55_7_ratio,nilc,0.231083,2602.5741,0.0000e+00,-0.4898,0.726216
30,nilc__positive_words,nilc,0.180814,2391.6384,0.0000e+00,0.4741,0.724159
31,nilc__sentences_per_paragraph,nilc,0.520265,549.9513,8.6560e-118,0.2500,0.723577
32,nilc__lsa_adj_mean,nilc,0.154660,1999.9979,0.0000e+00,0.4418,0.723245
33,nilc__adjective_ratio,nilc,0.210108,1850.3621,0.0000e+00,0.4281,0.723156
34,nilc__imageabilidade_mean,nilc,0.164899,3134.0796,0.0000e+00,-0.5247,0.722413
35,syll__media_silabas_por_sentenca,syllables,0.194482,522.8815,2.9292e-112,0.2442,0.718403
36,nilc__words_before_main_verb,nilc,0.173544,1620.5159,0.0000e+00,0.4052,0.713298
37,nilc__concretude_25_4_ratio,nilc,0.191661,2502.4345,0.0000e+00,0.4825,0.712884
38,nilc__concretude_mean,nilc,0.154188,2661.5584,0.0000e+00,-0.4939,0.712096
39,nilc__familiaridade_4_55_ratio,nilc,0.201890,1929.7774,0.0000e+00,0.4354,0.711220
40,nilc__abstract_nouns_ratio,nilc,0.193378,1882.8268,0.0000e+00,0.4311,0.707220
41,nilc__log_neg_conn_ratio,nilc,0.123335,526.0486,6.5904e-113,0.2449,0.706032
42,nilc__gunning_fox,nilc,0.134196,934.5758,1.5690e-194,0.3190,0.702837
43,nilc__words_per_sentence,nilc,0.173530,896.6659,4.1040e-187,0.3131,0.702283
44,nilc__yngve,nilc,0.127929,1724.3971,0.0000e+00,0.4158,0.699709
45,nilc__adjectives_max,nilc,0.186396,950.2718,1.3600e-197,0.3214,0.698681
46,nilc__indicative_condition_ratio,nilc,0.123197,1076.6478,4.6752e-222,0.3398,0.698472
47,nilc__idade_aquisicao_25_4_ratio,nilc,0.187838,1916.2366,0.0000e+00,-0.4342,0.696562
48,nilc__participle_verbs,nilc,0.177185,1437.1973,4.6584e-290,0.3852,0.696485
49,nilc__passive_ratio,nilc,0.158749,36.8375,1.3406e-09,0.0667,0.695506
50,nilc__verbal_time_moods_diversity,nilc,0.095905,1813.8671,0.0000e+00,0.4246,0.695053
51,nilc__concretude_4_55_ratio,nilc,0.183907,1949.7502,0.0000e+00,-0.4373,0.694997
52,"ud__NOUN(*, ADJ/amod)",enhanced_ud,0.112016,575.1179,6.4910e-123,0.2553,0.694599
53,nilc__brunet,nilc,0.146738,998.0500,6.9990e-207,0.3285,0.694547
54,nilc__verbs_ambiguity,nilc,0.148357,1579.8787,0.0000e+00,-0.4009,0.693304
55,nilc__clauses_per_sentence,nilc,0.176388,653.3790,9.3367e-139,0.2709,0.691509
56,nilc__preposition_diversity,nilc,0.143627,1595.8595,0.0000e+00,-0.4026,0.689394
57,nilc__third_person_possessive_pronouns,nilc,0.090433,1371.4644,7.4816e-278,0.3776,0.688648
58,nilc__prepositions_per_sentence,nilc,0.175005,621.1860,2.9484e-132,0.2646,0.685984
59,nilc__apposition_per_clause,nilc,0.145598,238.9800,3.6381e-53,0.1678,0.684432
60,nilc__content_word_standard_deviation,nilc,0.124877,1710.1153,0.0000e+00,-0.4144,0.683593
61,nilc__dep_distance,nilc,0.138557,41.6016,1.1820e-10,0.0708,0.683264
62,nilc__lsa_span_std,nilc,0.148501,1705.8003,0.0000e+00,-0.4140,0.680998
63,nilc__named_entity_ratio_text,nilc,0.250073,779.8253,4.6982e-164,0.2939,0.680434
64,nilc__lsa_givenness_std,nilc,0.134935,1743.6643,0.0000e+00,-0.4177,0.680099
65,liwc__adj (Adjectives),liwc,0.162687,1128.9624,4.3701e-232,0.3470,0.677665
66,nilc__named_entity_ratio_sentence,nilc,0.234972,412.9888,1.2505e-89,0.2184,0.676113
67,nilc__relative_pronouns_ratio,nilc,0.141308,992.7061,7.6124e-206,0.3278,0.675123
68,nilc__concretude_1_25_ratio,nilc,0.110660,403.4599,1.1844e-87,0.2160,0.675005
69,nilc__add_neg_conn_ratio,nilc,0.149569,959.9434,1.7757e-199,0.3229,0.673679
70,nilc__sentence_length_min,nilc,0.112611,1707.2496,0.0000e+00,0.4141,0.673537
71,liwc__ingest (Ingest),liwc,0.099565,43.6872,4.0921e-11,0.0726,0.672354
72,liwc__anx (Anx),liwc,0.115581,466.0932,1.3311e-100,0.2313,0.670866
73,nilc__mean_noun_phrase,nilc,0.120490,542.0800,3.4942e-116,0.2483,0.670579
74,liwc__verb (Verbs),liwc,0.136851,1132.6990,8.4393e-233,-0.3475,0.669418
75,nilc__lsa_adj_std,nilc,0.128863,1608.2546,0.0000e+00,-0.4039,0.666719
76,nilc__content_words_ambiguity,nilc,0.112039,840.4392,4.7007e-176,-0.3041,0.666464
77,nilc__noun_diversity,nilc,0.191202,1148.9872,6.5528e-236,0.3497,0.666156
78,liwc__anger (Anger),liwc,0.104764,40.5655,2.0031e-10,0.0700,0.664786
79,nilc__coordinate_conjunctions_per_clauses,nilc,0.168167,565.4586,5.9922e-121,0.2533,0.662643
80,nilc__familiaridade_mean,nilc,0.102742,1102.2937,5.5735e-227,-0.3433,0.662182
81,nilc__adverbs_before_main_verb_ratio,nilc,0.161170,775.4124,3.5379e-163,0.2931,0.662040
82,nilc__idade_aquisicao_std,nilc,0.085502,797.5727,1.4126e-167,-0.2969,0.661550
83,"ud__NOUN(ADP/case, *, ADJ/amod)",enhanced_ud,0.132423,889.9352,8.5781e-186,0.3121,0.660910
84,nilc__prepositions_per_clause,nilc,0.175554,464.1001,3.4258e-100,0.2308,0.660558
85,nilc__aux_plus_PCP_per_sentence,nilc,0.155378,634.3267,6.5122e-135,0.2672,0.660065
86,"ud__NOUN(DET/det, *, ADJ/amod)",enhanced_ud,0.139731,817.8763,1.3473e-171,0.3004,0.657142
87,nilc__hypernyms_verbs,nilc,0.163256,728.4513,8.0660e-154,0.2849,0.653652
88,nilc__adjectives_standard_deviation,nilc,0.115235,487.7703,4.6247e-105,0.2363,0.652283
89,nilc__nouns_ambiguity,nilc,0.115349,863.8752,1.1331e-180,0.3079,0.651602
90,nilc__sentence_length_standard_deviation,nilc,0.121447,851.6144,2.9422e-178,-0.3059,0.651120
91,nilc__familiaridade_std,nilc,0.078249,541.6504,4.2759e-116,-0.2482,0.648738
92,nilc__adjunct_per_clause,nilc,0.154103,376.5862,4.5685e-82,0.2090,0.648476
93,nilc__non_svo_ratio,nilc,0.171615,711.8429,1.6909e-150,0.2819,0.644881
94,nilc__ratio_subordinate_conjunctions,nilc,0.171419,441.1532,1.8569e-95,0.2253,0.642638
95,liwc__hear (Hear),liwc,0.102608,672.3625,1.4089e-142,-0.2745,0.642209
96,liwc__number (Numbers),liwc,0.129820,611.8252,2.3118e-130,0.2628,0.641026
97,liwc__informal (Informal Language),liwc,0.108105,774.1742,6.2351e-163,-0.2929,0.640821
98,nilc__cau_neg_conn_ratio,nilc,0.084979,998.1759,6.6164e-207,0.3286,0.640392
99,nilc__pronoun_ratio,nilc,0.123357,869.5765,8.5640e-182,-0.3088,0.640319
100,nilc__negative_words,nilc,0.101687,801.6568,2.1906e-168,0.2976,0.639026
101,"ud__PROPN(PUNCT/punct, *, PUNCT/punct)",enhanced_ud,0.085301,342.6201,5.5828e-75,0.1997,0.638176
102,"ud__NOUN(ADP/case, DET/det, *, ADJ/amod)",enhanced_ud,0.129226,483.0862,4.2428e-104,0.2352,0.636307
103,pos__PRON,pos_tagger,0.151434,980.7101,1.6235e-203,-0.3260,0.636162
104,"ud__NOUN(DET/det, *, ADJ/amod, NOUN/nmod)",enhanced_ud,0.081214,448.1771,6.5817e-97,0.2270,0.635334
105,nilc__ratio_coordinate_conjunctions,nilc,0.158417,737.5378,1.2363e-155,0.2865,0.634826
106,nilc__nouns_min,nilc,0.115469,652.0717,1.7127e-138,0.2707,0.633903
107,nilc__frazier,nilc,0.117701,771.1146,2.5299e-162,0.2924,0.633245
108,"ud__VERB(NOUN/nsubj, *, VERB/ccomp, PUNCT/punct)",enhanced_ud,0.063437,286.8179,2.8561e-63,0.1833,0.632882
109,nilc__content_word_min,nilc,0.108858,1203.1664,3.2433e-246,0.3568,0.630697
110,nilc__hard_conjunctions_ratio,nilc,0.128288,425.6007,3.0531e-92,0.2215,0.630382
111,ud__*(VERB),enhanced_ud,0.149232,265.9198,7.2841e-59,-0.1767,0.629702
112,liwc__focuspast (Past Focus),liwc,0.132766,833.1112,1.3140e-174,-0.3029,0.629285
113,liwc__posemo (Positive Emotions),liwc,0.124497,446.5341,1.4372e-96,0.2266,0.628609
114,ud__PRON(*),enhanced_ud,0.126064,874.1416,1.0842e-182,-0.3096,0.628340
115,nilc__relative_pronouns_diversity_ratio,nilc,0.133564,316.9883,1.3028e-69,0.1924,0.625693
116,"ud__VERB(ADP/mark, *, NOUN/obj)",enhanced_ud,0.104989,215.1294,4.2000e-48,0.1594,0.624198
117,nilc__verb_diversity,nilc,0.165873,681.2225,2.3348e-144,0.2762,0.623158
118,nilc__infinitive_verbs,nilc,0.169567,327.1342,9.7265e-72,0.1953,0.622415
119,"ud__NOUN(DET/det, *, VERB/acl)",enhanced_ud,0.067422,109.5670,1.7601e-25,0.1145,0.621584
120,liwc__social (Social),liwc,0.107850,630.3086,4.2209e-134,-0.2664,0.620749
121,liwc__affect (Affect),liwc,0.113558,456.1920,1.4614e-98,0.2289,0.619487
122,nilc__indicative_preterite_perfect_ratio,nilc,0.128161,496.3539,7.9900e-107,0.2382,0.618510
123,"ud__PROPN(ADP/case, *)",enhanced_ud,0.102898,140.4429,3.8793e-32,0.1294,0.616265
124,nilc__adj_cw_ovl,nilc,0.098714,206.9983,2.2539e-46,-0.1565,0.615767
125,nilc__indicative_present_ratio,nilc,0.130795,461.3245,1.2785e-99,0.2302,0.615222
126,liwc__insight (Insight),liwc,0.122978,376.0067,6.0316e-82,0.2088,0.614873
127,nilc__tmp_pos_conn_ratio,nilc,0.135306,160.5021,1.9181e-36,0.1382,0.613011
128,ud__*(NOUN),enhanced_ud,0.087543,610.0576,5.2710e-130,-0.2624,0.612911
129,"ud__ADV(ADV/advmod, *)",enhanced_ud,0.073455,552.0169,3.2818e-118,0.2505,0.610699
130,nilc__verbs,nilc,0.091739,270.2492,8.8816e-60,-0.1781,0.607522
131,nilc__adverbs_max,nilc,0.125181,24.8283,6.3945e-07,0.0548,0.606609
132,liwc__achieve (Achievement),liwc,0.125261,248.2724,3.9173e-55,0.1709,0.605384
133,nilc__adj_stem_ovl,nilc,0.100084,219.9034,4.0609e-49,-0.1611,0.602265
134,liwc__function (Function Words),liwc,0.107366,226.6309,1.5134e-50,-0.1635,0.601640
135,liwc__cogproc (Cognitive Processes),liwc,0.100526,206.7839,2.5035e-46,0.1564,0.599983
136,nilc__inflected_verbs,nilc,0.211903,238.2006,5.3216e-53,0.1675,0.599385
137,nilc__imageabilidade_55_7_ratio,nilc,0.124686,691.0062,2.5354e-146,-0.2780,0.598956
138,"ud__NOUN(ADP/case, *, NOUN/conj)",enhanced_ud,0.068713,177.6164,4.1678e-40,0.1452,0.597569
139,nilc__personal_pronouns,nilc,0.093873,567.3412,2.4795e-121,-0.2537,0.596884
140,liwc__certain (Certainty),liwc,0.114502,166.7068,8.9906e-38,0.1408,0.596336
141,liwc__prep (Prepositions),liwc,0.088047,173.2308,3.6112e-39,0.1434,0.595584
142,nilc__stem_ovl,nilc,0.120952,190.4088,7.7281e-43,-0.1502,0.595505
143,"ud__NOUN(ADP/case, DET/det, *)",enhanced_ud,0.116462,509.0273,2.0115e-109,-0.2411,0.595392
144,liwc__money (Money),liwc,0.107000,54.2341,1.9512e-13,0.0808,0.594863
145,liwc__space (Space),liwc,0.083214,195.1741,7.4432e-44,0.1520,0.594682
146,liwc__risk (Risk),liwc,0.104000,183.5986,2.1967e-41,0.1476,0.594655
147,nilc__idade_aquisicao_4_55_ratio,nilc,0.107404,241.5223,1.0525e-53,-0.1687,0.594511
148,"ud__NOUN(*, ADJ/amod, NOUN/nmod)",enhanced_ud,0.077093,246.5261,9.1753e-55,0.1704,0.591819
149,liwc__drives (Drives),liwc,0.082240,222.5133,1.1330e-49,0.1621,0.591608
150,nilc__cw_freq_bra,nilc,0.064761,201.2828,3.7148e-45,0.1543,0.590270
151,liwc__male (Male),liwc,0.126502,464.8220,2.4325e-100,-0.2310,0.589917
152,pos__AUX,pos_tagger,0.102870,327.4134,8.5012e-72,-0.1954,0.589550
153,liwc__negemo (Negative Emotions),liwc,0.104880,116.0893,6.8579e-27,0.1178,0.589509
154,nilc__adjective_diversity_ratio,nilc,0.168328,279.8149,8.5330e-62,0.1811,0.589444
155,liwc__auxverb (Auxiliary Verbs),liwc,0.120932,297.8970,1.3318e-65,-0.1867,0.589194
156,nilc__concretude_55_7_ratio,nilc,0.132520,549.8371,9.1328e-118,-0.2500,0.589070
157,nilc__nouns_max,nilc,0.095176,783.5349,8.6140e-165,0.2945,0.589038
158,nilc__adverbs_ambiguity,nilc,0.077442,230.3680,2.4373e-51,0.1648,0.588529
159,nilc__medium_short_sentence_ratio,nilc,0.059473,275.6638,6.4011e-61,-0.1798,0.588227
160,liwc__ppron (Personal Pronouns),liwc,0.114764,68.2810,1.6384e-16,-0.0906,0.583927
161,liwc__cause (Causal),liwc,0.109831,114.6178,1.4256e-26,0.1171,0.582252
162,pos__VERB,pos_tagger,0.095746,94.6543,2.9852e-22,-0.1065,0.581638
163,nilc__conn_ratio,nilc,0.087001,86.7542,1.5493e-20,0.1020,0.581519
164,"ud__VERB(PUNCT/punct, *, VERB/ccomp)",enhanced_ud,0.092111,801.1783,2.7251e-168,0.2976,0.580797
165,nilc__freq_bra,nilc,0.063670,218.6457,7.5137e-49,0.1607,0.580091
166,nilc__adj_arg_ovl,nilc,0.080446,115.3139,1.0084e-26,-0.1174,0.579938
167,pos__CCONJ,pos_tagger,0.095800,71.8620,2.7081e-17,0.0929,0.579608
168,liwc__pronoun (Pronouns),liwc,0.105356,42.6919,6.7876e-11,-0.0718,0.575929
169,ud__PROPN(*),enhanced_ud,0.124155,90.7876,2.0610e-21,0.1043,0.575927
170,"ud__ADJ(CCONJ/cc, *)",enhanced_ud,0.056548,102.8630,4.9670e-24,0.1110,0.575665
171,liwc__percept (Perceptual Processes),liwc,0.100781,261.8835,5.1865e-58,-0.1754,0.575249
172,pos__NOUN,pos_tagger,0.096075,32.6471,1.1435e-08,0.0628,0.575030
173,liwc__work (Work),liwc,0.103853,218.9881,6.3547e-49,0.1608,0.574019
174,"ud__NOUN(ADP/case, DET/det, *, ADJ/amod, NOUN/nmod)",enhanced_ud,0.040514,129.9278,7.1063e-30,0.1245,0.573906
175,nilc__sentence_length_max,nilc,0.105312,71.2195,3.7399e-17,-0.0925,0.572162
176,liwc__power (Power),liwc,0.100731,119.4260,1.3058e-27,0.1195,0.572141
177,nilc__ratio_function_to_content_words,nilc,0.099069,141.8583,1.9251e-32,-0.1300,0.570563
178,"ud__NOUN(DET/det, *, NOUN/nmod)",enhanced_ud,0.105959,145.0830,3.9036e-33,0.1315,0.569780
179,nilc__pronoun_diversity,nilc,0.038483,130.4233,5.5580e-30,-0.1248,0.569304
180,nilc__function_words,nilc,0.102045,88.2449,7.3492e-21,-0.1029,0.567669
181,nilc__content_words,nilc,0.099107,86.9685,1.3918e-20,0.1021,0.567499
182,ud__AUX(*),enhanced_ud,0.089029,195.1647,7.4773e-44,-0.1520,0.567444
183,nilc__arg_ovl,nilc,0.122743,98.8141,3.7422e-23,-0.1088,0.565777
184,nilc__familiaridade_25_4_ratio,nilc,0.123107,47.6358,5.5119e-12,0.0758,0.565607
185,liwc__time (Time),liwc,0.081780,47.4423,6.0805e-12,0.0756,0.565182
186,pos__PROPN,pos_tagger,0.109528,46.4457,1.0081e-11,0.0748,0.564212
187,nilc__cw_freq_brwac,nilc,0.068105,49.1949,2.5006e-12,0.0770,0.563733
188,nilc__indefinite_pronouns_diversity,nilc,0.027736,146.4563,1.9791e-33,0.1321,0.561230
189,liwc__motion (Motion),liwc,0.106558,218.8152,6.9156e-49,-0.1608,0.559921
190,liwc__quant (Quantifiers),liwc,0.122631,220.7754,2.6507e-49,-0.1615,0.559357
191,"ud__PROPN(PUNCT/punct, *, PROPN/flat:name, PUNCT/punct)",enhanced_ud,0.054022,198.8882,1.2025e-44,0.1534,0.559243
192,liwc__interrog (Interrogatives),liwc,0.105973,62.2659,3.3856e-15,-0.0866,0.558816
193,ud__NUM(*),enhanced_ud,0.075281,211.2619,2.7907e-47,-0.1580,0.557398
194,"ud__NOUN(CCONJ/cc, *, ADJ/amod)",enhanced_ud,0.057352,338.0094,5.1427e-74,0.1984,0.557202
195,nilc__medium_long_sentence_ratio,nilc,0.046599,99.9563,2.1166e-23,-0.1094,0.555118
196,nilc__freq_brwac,nilc,0.047504,72.1614,2.3299e-17,0.0931,0.554884
197,liwc__relativ (Relativity),liwc,0.070841,41.0468,1.5677e-10,0.0704,0.554593
198,nilc__cau_pos_conn_ratio,nilc,0.111733,61.8581,4.1580e-15,-0.0863,0.554214
199,nilc__pronouns_max,nilc,0.104494,9.2370,2.3792e-03,0.0334,0.552902
200,pos__NUM,pos_tagger,0.087183,178.0150,3.4254e-40,-0.1454,0.550182
201,liwc__feel (Feel),liwc,0.079190,110.9265,8.9462e-26,-0.1152,0.549762
202,ud__PUNCT(*),enhanced_ud,0.096746,25.9740,3.5372e-07,-0.0560,0.548588
203,"ud__ADJ(*, ADJ/conj)",enhanced_ud,0.047002,206.6008,2.7385e-46,0.1563,0.548233
204,pos__X,pos_tagger,0.063096,311.8898,1.5300e-68,-0.1909,0.547559
205,liwc__discrep (Discrepancies),liwc,0.129480,82.4271,1.3520e-19,-0.0995,0.547364
206,nilc__nouns_standard_deviation,nilc,0.093100,92.7380,7.7757e-22,0.1054,0.546501
207,nilc__add_pos_conn_ratio,nilc,0.095410,36.4962,1.5960e-09,0.0664,0.545726
208,pos__PUNCT,pos_tagger,0.097325,25.3306,4.9320e-07,-0.0553,0.545285
209,liwc__netspeak (Netspeak),liwc,0.045626,262.9236,3.1272e-58,-0.1758,0.545018
210,nilc__negation_ratio,nilc,0.141259,121.1956,5.4204e-28,-0.1203,0.544818
211,nilc__min_cw_freq,nilc,0.077736,96.9645,9.4193e-23,-0.1078,0.544661
212,nilc__verbs_max,nilc,0.095965,15.5169,8.2447e-05,0.0433,0.543817
213,liwc__focuspresent (Present Focus),liwc,0.090771,119.6039,1.1953e-27,-0.1196,0.543421
214,liwc__negate (Negations),liwc,0.130349,49.7863,1.8531e-12,-0.0775,0.539181
215,"ud__PROPN(*, PROPN/flat:name)",enhanced_ud,0.098155,76.2579,2.9796e-18,-0.0957,0.538987
216,nilc__adverbs,nilc,0.114924,57.8052,3.2122e-14,-0.0834,0.537401
217,"ud__NOUN(ADP/case, ADJ/amod, *)",enhanced_ud,0.042828,123.3093,1.8972e-28,0.1214,0.535348
218,"ud__NOUN(ADP/case, DET/det, *, PROPN/nmod)",enhanced_ud,0.096403,66.6450,3.7315e-16,-0.0895,0.534472
219,nilc__imageabilidade_std,nilc,0.023101,25.8288,3.8127e-07,0.0559,0.533970
220,nilc__punctuation_ratio,nilc,0.058198,126.2492,4.4083e-29,-0.1228,0.533816
221,"ud__NOUN(CCONJ/cc, *, NOUN/nmod)",enhanced_ud,0.041611,108.3813,3.1765e-25,0.1139,0.533640
222,liwc__reward (Reward),liwc,0.113890,17.6142,2.7340e-05,0.0462,0.532354
223,"ud__NOUN(*, NOUN/nmod)",enhanced_ud,0.086336,91.2288,1.6530e-21,-0.1046,0.529603
224,ud__ADV(*),enhanced_ud,0.080819,34.9388,3.5375e-09,-0.0649,0.523797
225,nilc__third_person_pronouns,nilc,0.001197,22.3801,2.2740e-06,0.0520,0.523571
226,"ud__PUNCT(PUNCT/punct, *, PUNCT/punct, PUNCT/punct)",enhanced_ud,0.059871,551.4426,4.2974e-118,-0.2503,0.522603
227,liwc__body (Body),liwc,0.054200,93.5403,5.2077e-22,-0.1059,0.519936
228,nilc__simple_word_ratio,nilc,0.111326,15.9236,6.6522e-05,-0.0439,0.519422
229,nilc__easy_conjunctions_ratio,nilc,0.114527,15.6065,7.8634e-05,-0.0435,0.519298
230,"ud__PRON(ADP/case, *)",enhanced_ud,0.062756,230.0899,2.7920e-51,-0.1647,0.519204
231,pos__ADV,pos_tagger,0.104790,29.6503,5.3233e-08,-0.0598,0.518208
232,liwc__i (I),liwc,0.030964,250.9130,1.0820e-55,-0.1718,0.516946
233,nilc__concretude_std,nilc,0.024351,45.8201,1.3849e-11,-0.0743,0.515669
234,nilc__indefinite_pronoun_ratio,nilc,0.032970,43.0231,5.7357e-11,-0.0720,0.513999
235,liwc__differ (Differentiation),liwc,0.121188,25.5290,4.4513e-07,-0.0555,0.513633
236,liwc__they (They),liwc,0.119263,12.1038,5.0579e-04,0.0383,0.513602
237,ud__VERB(*),enhanced_ud,0.092100,13.8241,2.0208e-04,-0.0409,0.512641
238,"ud__NOUN(ADP/case, DET/det, *, NOUN/nmod)",enhanced_ud,0.092847,46.6304,9.1794e-12,-0.0750,0.511951
239,liwc__leisure (Leisure),liwc,0.073133,78.7105,8.7075e-19,-0.0972,0.511002
240,nilc__verbs_standard_deviation,nilc,0.132286,14.1093,1.7367e-04,-0.0413,0.510579
241,"ud__NOUN(ADP/case, *, ADJ/amod, NOUN/nmod)",enhanced_ud,0.038598,258.4503,2.7564e-57,0.1743,0.508870
242,"ud__VERB(NOUN/nsubj, *, NOUN/obj, VERB/advcl, PUNCT/punct)",enhanced_ud,0.039182,252.2115,5.7479e-56,0.1723,0.507573
243,liwc__tentat (Tentative),liwc,0.111618,17.8742,2.3854e-05,-0.0465,0.504050
244,liwc__filler (Filler Words),liwc,0.041913,420.7248,3.1206e-91,-0.2203,0.503205
245,ud__*(ADJ),enhanced_ud,0.049650,29.8572,4.7863e-08,-0.0601,0.501920
246,nilc__dialog_pronoun_ratio,nilc,0.022374,102.3158,6.5248e-24,-0.1107,0.501610
247,ud__DET(*),enhanced_ud,0.056293,21.7207,3.2031e-06,0.0512,0.500813
248,"ud__NOUN(PUNCT/punct, *)",enhanced_ud,0.028679,266.7876,4.7771e-59,-0.1770,0.500516
249,"ud__ADP(*, DET/fixed, NOUN/fixed, PUNCT/punct)",enhanced_ud,0.053514,677.5448,1.2798e-143,0.2755,0.498952
250,liwc__friend (Friends),liwc,0.070805,23.9093,1.0289e-06,-0.0538,0.498588
251,liwc__assent (Assent),liwc,0.043656,290.3196,5.2306e-64,-0.1844,0.498447
252,"ud__NOUN(ADP/case, DET/det, *, ADJ/amod, PUNCT/punct)",enhanced_ud,0.054229,477.3439,6.4331e-103,0.2339,0.495496
253,nilc__if_ratio,nilc,0.035583,231.6264,1.3181e-51,-0.1653,0.492159
254,"ud__ADV(*, PRON/fixed, PUNCT/punct)",enhanced_ud,0.061312,778.9152,7.1240e-164,0.2937,0.491651
255,nilc__adjacent_refs,nilc,0.026255,68.9285,1.1831e-16,-0.0910,0.491074
256,"ud__ADV(*, PRON/obl, PUNCT/punct)",enhanced_ud,0.035608,543.9794,1.4311e-116,0.2487,0.489555
257,liwc__we (We),liwc,0.054948,46.0852,1.2106e-11,-0.0745,0.489532
258,nilc__familiaridade_1_25_ratio,nilc,0.064445,56.6714,5.6940e-14,-0.0826,0.488151
259,"ud__NOUN(DET/det, *)",enhanced_ud,0.097165,12.6499,3.7769e-04,-0.0391,0.487421
260,nilc__content_density,nilc,0.101097,12.5792,3.9223e-04,0.0390,0.487350
261,liwc__affiliation (Affiliation),liwc,0.103060,23.1948,1.4900e-06,-0.0530,0.487273
262,nilc__content_word_max,nilc,0.044857,15.8166,7.0384e-05,0.0437,0.487131
263,liwc__female (Female),liwc,0.060359,85.0496,3.6361e-20,-0.1010,0.486592
264,nilc__first_person_pronouns,nilc,0.005561,99.8123,2.2742e-23,-0.1093,0.486081
265,ud__NOUN(*),enhanced_ud,0.119182,11.1702,8.3493e-04,0.0368,0.485557
266,"ud__NOUN(ADP/case, *, NOUN/nmod)",enhanced_ud,0.078802,13.8994,1.9415e-04,-0.0410,0.484164
267,"ud__VERB(PUNCT/punct, *, NOUN/obj, NOUN/obl)",enhanced_ud,0.055345,251.2194,9.3192e-56,0.1719,0.483334
268,nilc__adverbs_diversity_ratio,nilc,0.061480,28.0530,1.2108e-07,0.0582,0.483117
269,nilc__or_ratio,nilc,0.021461,142.3936,1.4771e-32,-0.1303,0.482982
270,"ud__NOUN(*, PROPN/nmod)",enhanced_ud,0.050306,19.2599,1.1550e-05,-0.0483,0.481540
271,"ud__NOUN(DET/det, *, PROPN/nmod, PROPN/appos)",enhanced_ud,0.040708,224.3312,4.6576e-50,0.1627,0.481532
272,liwc__sad (Sad),liwc,0.058329,23.1228,1.5467e-06,-0.0529,0.481272
273,ud__X(*),enhanced_ud,0.020544,87.0466,1.3384e-20,-0.1022,0.481152
274,nilc__coreference_pronoun_ratio,nilc,0.027825,51.4745,7.8814e-13,-0.0788,0.479465
275,"ud__NOUN(DET/det, *, ADJ/amod, VERB/acl)",enhanced_ud,0.033172,191.7889,3.9234e-43,0.1507,0.477416
276,nilc__anaphoric_refs,nilc,0.019329,29.3038,6.3613e-08,-0.0595,0.476847
277,liwc__death (Death),liwc,0.036641,53.8908,2.3211e-13,-0.0806,0.474978
278,nilc__oblique_pronouns_ratio,nilc,0.011464,31.3163,2.2625e-08,-0.0615,0.474694
279,nilc__subjunctive_future_ratio,nilc,0.019912,132.1833,2.3222e-30,-0.1256,0.472798
280,nilc__max_noun_phrase,nilc,0.086626,14.9171,1.1320e-04,0.0425,0.470891
281,"ud__NOUN(NUM/nummod, *)",enhanced_ud,0.027826,141.5142,2.2826e-32,-0.1299,0.470174
282,"ud__NOUN(ADP/case, *)",enhanced_ud,0.093811,11.8233,5.8784e-04,-0.0378,0.466984
283,pos__DET,pos_tagger,0.061029,10.6185,1.1241e-03,0.0359,0.466161
284,"ud__VERB(SCONJ/mark, NOUN/nsubj, *, VERB/xcomp)",enhanced_ud,0.042150,139.2151,7.1246e-32,0.1288,0.466018
285,sage__diz_que,sage_terms,0.014510,279.9570,7.9644e-62,-0.1812,0.461845
286,pos__SYM,pos_tagger,0.029296,43.4772,4.5532e-11,-0.0724,0.461839
287,liwc__relig (Religion),liwc,0.030550,38.4420,5.9118e-10,-0.0681,0.459607
288,nilc__pronouns_standard_deviation,nilc,0.125367,6.4399,1.1177e-02,-0.0279,0.459371
289,"ud__ADV(ADP/case, *)",enhanced_ud,0.022072,110.0490,1.3846e-25,-0.1147,0.458674
290,"ud__PRON(*, VERB/acl:relcl)",enhanced_ud,0.018864,200.6546,5.0552e-45,-0.1541,0.458379
291,"ud__NUM(PUNCT/punct, *, PUNCT/punct)",enhanced_ud,0.039626,54.7030,1.5394e-13,-0.0812,0.457376
292,liwc__home (Home),liwc,0.041818,31.6479,1.9085e-08,-0.0618,0.455550
293,"ud__VERB(ADP/mark, *, NOUN/obl)",enhanced_ud,0.021105,37.3501,1.0320e-09,-0.0671,0.453473
294,"ud__NUM(ADV/advmod, *)",enhanced_ud,0.022290,30.6638,3.1627e-08,-0.0609,0.453194
295,"ud__ADV(*, NOUN/obl)",enhanced_ud,0.025767,32.2778,1.3817e-08,-0.0624,0.452397
296,nilc__std_noun_phrase,nilc,0.075683,8.1426,4.3345e-03,-0.0314,0.449817
297,"ud__NOUN(DET/det, DET/det, *)",enhanced_ud,0.025336,82.5690,1.2592e-19,-0.0996,0.449730
298,liwc__adverb (Adverbs),liwc,0.104897,5.4343,1.9769e-02,0.0257,0.449078
299,liwc__nonflu (Nonfluencies),liwc,0.033384,263.3586,2.5309e-58,-0.1759,0.448591
300,"ud__NOUN(ADP/case, DET/det, DET/det, *)",enhanced_ud,0.018568,60.4299,8.5433e-15,-0.0853,0.444425
301,nilc__log_pos_conn_ratio,nilc,0.118409,4.6374,3.1311e-02,0.0237,0.443390
302,liwc__article (Articles),liwc,0.081396,7.3324,6.7863e-03,-0.0298,0.442041
303,"ud__VERB(CCONJ/cc, *)",enhanced_ud,0.016637,53.4267,2.9352e-13,-0.0802,0.441684
304,"ud__NOUN(ADP/case, DET/det, *, VERB/acl:relcl)",enhanced_ud,0.029953,40.9032,1.6867e-10,-0.0702,0.441433
305,"ud__NOUN(PUNCT/punct, *, NOUN/nmod)",enhanced_ud,0.025685,74.9573,5.7229e-18,-0.0949,0.441086
306,liwc__family (Family),liwc,0.063591,8.8248,2.9803e-03,-0.0327,0.439963
307,"ud__PRON(*, PRON/fixed)",enhanced_ud,0.017260,14.8518,1.1718e-04,-0.0424,0.439804
308,"ud__VERB(PUNCT/punct, *, NOUN/obl, PUNCT/punct)",enhanced_ud,0.030397,213.3111,1.0230e-47,0.1588,0.438801
309,ud__*(PROPN),enhanced_ud,0.011756,79.1837,6.8684e-19,-0.0975,0.437701
310,"ud__VERB(ADP/mark, *)",enhanced_ud,0.021809,66.1795,4.7165e-16,-0.0892,0.437094
311,"ud__ADV(*, SCONJ/fixed)",enhanced_ud,0.008022,86.5597,1.7077e-20,-0.1019,0.435492
312,nilc__adjectives_ambiguity,nilc,0.223695,6.6188,1.0108e-02,0.0283,0.432414
313,"ud__VERB(*, NOUN/obj, PUNCT/punct)",enhanced_ud,0.010753,90.0624,2.9616e-21,-0.1039,0.431602
314,"ud__NOUN(ADP/case, *, PROPN/nmod)",enhanced_ud,0.039308,4.4541,3.4847e-02,-0.0232,0.431265
315,"ud__NOUN(ADP/case, NUM/nummod, *)",enhanced_ud,0.033576,8.3060,3.9617e-03,-0.0317,0.430259
316,"ud__VERB(PRON/nsubj, *, NOUN/obl)",enhanced_ud,0.013432,41.6289,1.1657e-10,-0.0709,0.429979
317,"ud__VERB(CCONJ/cc, *, VERB/xcomp)",enhanced_ud,0.015928,30.6952,3.1121e-08,-0.0609,0.429192
318,ud__*(PRON),enhanced_ud,0.018987,178.8485,2.2728e-40,-0.1457,0.428503
319,"ud__NOUN(PUNCT/punct, *, PUNCT/punct)",enhanced_ud,0.014207,84.7714,4.1794e-20,-0.1009,0.428459
320,"ud__VERB(*, NOUN/obj, NOUN/obl)",enhanced_ud,0.038110,4.7041,3.0119e-02,-0.0239,0.427953
321,"ud__VERB(*, VERB/ccomp)",enhanced_ud,0.022330,38.4176,5.9857e-10,-0.0681,0.427697
322,"ud__NOUN(ADP/case, *, NOUN/nmod, PUNCT/punct)",enhanced_ud,0.029330,103.1898,4.2202e-24,-0.1112,0.427391
323,"ud__NOUN(ADP/case, DET/det, *, NUM/nmod)",enhanced_ud,0.012544,12.1223,5.0080e-04,-0.0383,0.426531
324,"ud__VERB(PROPN/nsubj, *, NOUN/obj, PUNCT/punct)",enhanced_ud,0.021963,10.0921,1.4945e-03,-0.0350,0.425942
325,"ud__NOUN(NUM/nummod, *, NOUN/nmod)",enhanced_ud,0.014302,50.0006,1.6625e-12,-0.0776,0.424120
326,"ud__ADV(PUNCT/punct, *, PUNCT/punct)",enhanced_ud,0.016245,75.2301,4.9905e-18,-0.0951,0.421422
327,ud__CCONJ(*),enhanced_ud,0.090987,5.5881,1.8106e-02,0.0260,0.420574
328,nilc__and_ratio,nilc,0.103469,3.8956,4.8445e-02,-0.0217,0.418725
329,"ud__VERB(NOUN/nsubj, *, VERB/xcomp, PUNCT/punct)",enhanced_ud,0.023478,20.6744,5.5215e-06,-0.0500,0.418516
330,"ud__NUM(*, NOUN/nmod)",enhanced_ud,0.010496,40.3989,2.1805e-10,-0.0698,0.418492
331,"ud__VERB(CCONJ/cc, *, VERB/ccomp)",enhanced_ud,0.015741,53.8314,2.3919e-13,-0.0805,0.418214
332,"ud__ADV(*, NUM/appos)",enhanced_ud,0.010908,188.7548,1.7418e-42,-0.1496,0.417110
333,sage__se_voce,sage_terms,0.012985,209.2851,7.3497e-47,-0.1573,0.416652
334,"ud__NOUN(ADP/case, *, ADJ/amod, PUNCT/punct)",enhanced_ud,0.027015,285.7489,4.7960e-63,0.1830,0.416270
335,"ud__VERB(SCONJ/mark, PRON/nsubj, *, VERB/xcomp, PUNCT/punct)",enhanced_ud,0.021120,181.2710,6.9013e-41,-0.1466,0.416030
336,"ud__PRON(ADP/case, *, VERB/acl:relcl)",enhanced_ud,0.016427,37.4001,1.0059e-09,-0.0672,0.415959
337,"ud__VERB(CCONJ/cc, *, NOUN/obl)",enhanced_ud,0.006265,42.0015,9.6436e-11,-0.0712,0.415848
338,nilc__postponed_subject_ratio,nilc,0.104683,2.8801,8.9716e-02,-0.0187,0.415845
339,sage__segundo_fontes,sage_terms,0.029498,498.5423,2.8411e-107,0.2387,0.415362
340,ud__INTJ(*),enhanced_ud,0.015157,121.3230,5.0879e-28,-0.1204,0.415038
341,"ud__VERB(SCONJ/mark, *, NOUN/obj)",enhanced_ud,0.011254,49.3504,2.3110e-12,-0.0771,0.414927
342,sage__org_entre,sage_terms,0.012652,218.4293,8.3530e-49,-0.1606,0.414653
343,sage__uma_sugestao,sage_terms,0.012420,218.4293,8.3530e-49,-0.1606,0.414653
344,sage__quiser_sugerir,sage_terms,0.018285,214.8085,4.9144e-48,-0.1593,0.414653
345,"ud__SYM(ADP/case, DET/det, *)",enhanced_ud,0.013784,162.2323,8.1682e-37,-0.1389,0.414653
346,sage__voce_quiser,sage_terms,0.026369,213.7023,8.4467e-48,-0.1589,0.414653
347,sage__entre_em,sage_terms,0.017651,185.5315,8.4922e-42,-0.1483,0.414581
348,sage__sugerir_um,sage_terms,0.015551,211.9053,2.0364e-47,-0.1583,0.414386
349,sage__pelo_site,sage_terms,0.008335,158.0795,6.3414e-36,-0.1371,0.414119
350,sage__em_contato,sage_terms,0.008619,176.7477,6.3916e-40,-0.1448,0.414045
351,nilc__second_person_pronouns,nilc,0.003357,11.3103,7.7430e-04,-0.0370,0.413854
352,"ud__PUNCT(*, PUNCT/punct, PUNCT/punct)",enhanced_ud,0.018150,170.6721,1.2736e-38,-0.1424,0.413651
353,sage__esse_artigo,sage_terms,0.013523,209.1192,7.9719e-47,-0.1572,0.413651
354,sage__boatos_org,sage_terms,0.016032,177.2583,4.9712e-40,-0.1450,0.413385
355,sage__gente_pelo,sage_terms,0.003644,207.5843,1.6912e-46,-0.1567,0.411642
356,sage__um_tema,sage_terms,0.017271,200.5966,5.2012e-45,-0.1541,0.411319
357,"ud__VERB(*, NOUN/obj, SYM/obl)",enhanced_ud,0.010198,162.9179,5.8243e-37,-0.1392,0.410848
358,"ud__VERB(*, VERB/xcomp)",enhanced_ud,0.008685,25.5219,4.4677e-07,-0.0555,0.409453
359,liwc__sexual (Sexual),liwc,0.008081,19.9922,7.8798e-06,-0.0492,0.408856
360,"ud__NOUN(ADP/case, DET/det, *, NOUN/conj, NOUN/conj)",enhanced_ud,0.007593,146.0538,2.4150e-33,-0.1319,0.408574
361,sage__whatsapp_no,sage_terms,0.013630,169.0914,2.7754e-38,-0.1417,0.408354
362,"ud__VERB(PRON/obj, *)",enhanced_ud,0.008832,41.6948,1.1273e-10,-0.0709,0.408178
363,"ud__PROPN(PUNCT/punct, *, PROPN/flat:name)",enhanced_ud,0.010378,6.4598,1.1052e-02,-0.0280,0.407906
364,"ud__NOUN(ADP/case, DET/det, *, NOUN/nmod, NOUN/nmod)",enhanced_ud,0.027707,32.2174,1.4252e-08,-0.0624,0.407351
365,"ud__NOUN(ADP/case, DET/det, *, NOUN/nmod, PUNCT/punct)",enhanced_ud,0.013410,12.5704,3.9407e-04,-0.0390,0.407333
366,"ud__NOUN(PUNCT/punct, DET/det, *)",enhanced_ud,0.002840,81.7742,1.8750e-19,-0.0991,0.407202
367,"ud__PRON(*, ADJ/amod)",enhanced_ud,0.005830,26.0577,3.3878e-07,-0.0561,0.407090
368,sage__no_telefone,sage_terms,0.015985,162.0329,9.0127e-37,-0.1388,0.406820
369,"ud__VERB(CCONJ/cc, *, NOUN/obj, NOUN/obl)",enhanced_ud,0.005738,3.4369,6.3792e-02,-0.0204,0.406794
370,ud__SCONJ(*),enhanced_ud,0.098602,3.1877,7.4233e-02,-0.0197,0.406731
371,sage__telefone_61,sage_terms,0.020867,180.4224,1.0477e-40,-0.1463,0.406590
372,liwc__ipron (Impersonal Pronouns),liwc,0.101141,3.0660,7.9985e-02,0.0193,0.406297
373,sage__sugestao_de,sage_terms,0.006573,174.1741,2.2693e-39,-0.1438,0.405574
374,sage__site_facebook,sage_terms,0.006859,178.9167,2.1978e-40,-0.1457,0.405574
375,"ud__VERB(*, VERB/xcomp, PUNCT/punct)",enhanced_ud,0.007511,54.9118,1.3852e-13,-0.0813,0.405158
376,"ud__NOUN(*, NOUN/nmod, PUNCT/punct)",enhanced_ud,0.004508,60.3692,8.8091e-15,-0.0852,0.405083
377,"ud__NOUN(*, NOUN/nmod, NOUN/nmod)",enhanced_ud,0.014358,21.4459,3.6953e-06,-0.0509,0.404632
378,"ud__ADJ(PUNCT/punct, *, NOUN/obl, PUNCT/punct)",enhanced_ud,0.034952,303.0463,1.1016e-66,0.1883,0.404125
379,"ud__VERB(*, NOUN/obl, PUNCT/punct)",enhanced_ud,0.012468,34.0866,5.4709e-09,-0.0642,0.403808
380,"ud__NOUN(DET/det, *, PRON/nmod)",enhanced_ud,0.012617,48.4460,3.6550e-12,-0.0764,0.403650
381,sage__ao_boatos,sage_terms,0.017161,167.0789,7.4835e-38,-0.1409,0.403538
382,ud__SYM(*),enhanced_ud,0.023847,4.5565,3.2824e-02,-0.0235,0.403320
383,"ud__ADJ(PUNCT/punct, *)",enhanced_ud,0.008016,59.4104,1.4288e-14,-0.0846,0.403035
384,"ud__VERB(*, PUNCT/punct)",enhanced_ud,0.011878,122.5768,2.7295e-28,-0.1210,0.403005
385,"ud__NOUN(ADP/case, *, PROPN/nmod, PUNCT/punct)",enhanced_ud,0.014049,77.5407,1.5655e-18,-0.0965,0.401677
386,sage__tema_ao,sage_terms,0.014952,161.4935,1.1761e-36,-0.1386,0.401496
387,"ud__NOUN(*, VERB/acl:relcl)",enhanced_ud,0.021238,20.3004,6.7098e-06,-0.0496,0.401292
388,nilc__lsa_paragraph_mean,nilc,0.374922,34.1993,5.1641e-09,0.0643,0.401142
389,"ud__PRON(DET/det, *)",enhanced_ud,0.000000,61.5220,4.9259e-15,-0.0860,0.400959
390,pos__SCONJ,pos_tagger,0.112665,2.8383,9.2079e-02,-0.0185,0.400959
391,sage__ps_esse,sage_terms,0.010166,155.3035,2.4973e-35,-0.1359,0.400472
392,ud__*(ADV),enhanced_ud,0.013889,117.4646,3.4613e-27,-0.1185,0.400199
393,"ud__NOUN(*, PUNCT/punct)",enhanced_ud,0.000000,8.3316,3.9062e-03,-0.0318,0.400143
394,"ud__VERB(*, PRON/obj)",enhanced_ud,0.003514,41.0275,1.5832e-10,-0.0704,0.399069
395,"ud__VERB(VERB/ccomp:speech, *, NOUN/nsubj, PUNCT/punct)",enhanced_ud,0.018015,2.5407,1.1098e-01,-0.0175,0.398854
396,nilc__min_noun_phrase,nilc,0.000000,41.4003,1.3095e-10,-0.0707,0.398430
397,"ud__VERB(*, ADV/advmod)",enhanced_ud,0.004081,13.3124,2.6528e-04,-0.0401,0.398377
398,"ud__NOUN(ADP/case, DET/det, *, PROPN/nmod, PROPN/nmod)",enhanced_ud,0.009977,5.8381,1.5705e-02,-0.0266,0.398352
399,"ud__VERB(PUNCT/punct, *)",enhanced_ud,0.011844,72.9738,1.5493e-17,-0.0936,0.397651
400,"ud__NOUN(ADP/case, NUM/nummod, *, NOUN/nmod)",enhanced_ud,0.013115,9.5609,1.9943e-03,-0.0340,0.397529
401,"ud__NOUN(ADP/case, *, NOUN/nmod, NOUN/nmod)",enhanced_ud,0.017932,9.6049,1.9471e-03,-0.0341,0.397411
402,pos__INTJ,pos_tagger,0.012407,81.4972,2.1541e-19,-0.0989,0.397152
403,"ud__VERB(ADP/mark, *, VERB/xcomp)",enhanced_ud,0.010941,14.0773,1.7665e-04,-0.0413,0.396758
404,"ud__VERB(PROPN/nsubj, *, VERB/xcomp, PUNCT/punct)",enhanced_ud,0.018985,53.6948,2.5630e-13,-0.0804,0.396469
405,"ud__VERB(PRON/nsubj, *, NOUN/obj, NOUN/obl)",enhanced_ud,0.005503,13.6467,2.2205e-04,-0.0406,0.396065
406,"ud__NOUN(PUNCT/punct, *, ADJ/amod)",enhanced_ud,0.006482,26.6623,2.4796e-07,-0.0568,0.395917
407,"ud__NOUN(*, NUM/nmod)",enhanced_ud,0.005072,59.8344,1.1537e-14,-0.0849,0.395359
408,"ud__ADJ(PUNCT/punct, *, PUNCT/punct)",enhanced_ud,0.001713,4.5291,3.3353e-02,-0.0234,0.395205
409,sage__ou_seja,sage_terms,0.007369,121.6328,4.3623e-28,-0.1206,0.394292
410,"ud__NOUN(ADP/case, DET/det, *, ADV/advmod)",enhanced_ud,0.000087,49.9270,1.7256e-12,-0.0776,0.393850
411,liwc__bio (Biological Processes),liwc,0.094625,1.6751,1.9561e-01,-0.0142,0.393598
412,"ud__PROPN(PUNCT/punct, ADP/case, DET/det, *)",enhanced_ud,0.005963,19.5086,1.0143e-05,-0.0486,0.392790
413,"ud__PRON(ADP/case, *, PRON/fixed)",enhanced_ud,0.014760,59.4071,1.4312e-14,-0.0846,0.392583
414,nilc__pronouns_min,nilc,0.008914,76.2424,3.0028e-18,-0.0957,0.392544
415,"ud__NOUN(PUNCT/punct, ADP/case, DET/det, *)",enhanced_ud,0.002189,58.0965,2.7728e-14,-0.0836,0.391822
416,"ud__NOUN(ADP/case, DET/det, NUM/nummod, *)",enhanced_ud,0.009426,12.6542,3.7683e-04,-0.0391,0.391610
417,"ud__VERB(ADP/mark, *, PRON/obj)",enhanced_ud,0.004646,3.9916,4.5760e-02,-0.0220,0.391461
418,"ud__VERB(AUX/aux:pass, *, NOUN/obl)",enhanced_ud,0.004552,13.7587,2.0922e-04,-0.0408,0.391109
419,"ud__NOUN(ADP/case, *, NOUN/conj, NOUN/conj)",enhanced_ud,0.005304,17.7157,2.5923e-05,-0.0463,0.390826
420,"ud__NOUN(ADP/case, DET/det, DET/det, *, NOUN/nmod)",enhanced_ud,0.000000,12.6591,3.7584e-04,-0.0391,0.390806
421,"ud__ADP(*, DET/fixed, NOUN/fixed)",enhanced_ud,0.011061,21.4549,3.6780e-06,-0.0509,0.390806
422,"ud__NUM(CCONJ/cc, *)",enhanced_ud,0.008181,7.2616,7.0587e-03,-0.0297,0.390579
423,"ud__NOUN(DET/det, PUNCT/punct, *, PUNCT/punct)",enhanced_ud,0.000000,48.7337,3.1590e-12,-0.0766,0.390302
424,"ud__ADV(CCONJ/cc, *)",enhanced_ud,0.000000,49.3688,2.2897e-12,-0.0771,0.390290
425,"ud__NOUN(PUNCT/punct, *, NOUN/nmod, PUNCT/punct)",enhanced_ud,0.016807,1.7024,1.9201e-01,-0.0144,0.389986
426,sage__tem_que,sage_terms,0.001460,104.9101,1.7904e-24,-0.1121,0.389944
427,"ud__PROPN(*, PUNCT/punct)",enhanced_ud,0.012123,9.8566,1.6982e-03,-0.0345,0.389736
428,liwc__swear (Swear),liwc,0.010027,79.8115,5.0139e-19,-0.0979,0.389697
429,"ud__PROPN(ADP/case, DET/det, *, PROPN/nmod)",enhanced_ud,0.008696,18.1636,2.0498e-05,-0.0469,0.389325
430,"ud__VERB(PRON/nsubj, *)",enhanced_ud,0.008612,41.1181,1.5118e-10,-0.0704,0.389286
431,"ud__NUM(PUNCT/punct, *)",enhanced_ud,0.006547,22.8637,1.7692e-06,-0.0526,0.388767
432,"ud__VERB(SCONJ/mark, NOUN/nsubj, *, NOUN/obl)",enhanced_ud,0.016967,0.9445,3.3116e-01,-0.0107,0.388661
433,"ud__VERB(*, PROPN/obl)",enhanced_ud,0.021864,1.1741,2.7858e-01,-0.0119,0.388114
434,"ud__NUM(ADP/case, DET/det, *)",enhanced_ud,0.007854,16.0574,6.1990e-05,-0.0441,0.388020
435,"ud__ADV(*, PROPN/obl)",enhanced_ud,0.005578,2.0146,1.5583e-01,-0.0156,0.387996
436,"ud__VERB(SCONJ/mark, *, VERB/xcomp)",enhanced_ud,0.009325,23.2822,1.4240e-06,-0.0531,0.387766
437,"ud__VERB(PUNCT/punct, ADV/advmod, *, NOUN/obj)",enhanced_ud,0.004337,1.1058,2.9303e-01,-0.0116,0.387675
438,liwc__you (You),liwc,0.091556,2.4036,1.2109e-01,-0.0171,0.387468
439,ud__*(NUM),enhanced_ud,0.000000,20.0575,7.6160e-06,-0.0493,0.386764
440,"ud__VERB(*, VERB/ccomp, PUNCT/punct)",enhanced_ud,0.010962,39.8369,2.9034e-10,-0.0693,0.386749
441,"ud__VERB(PRON/nsubj, *, NOUN/obj, PUNCT/punct)",enhanced_ud,0.004313,13.0032,3.1279e-04,-0.0397,0.386513
442,"ud__NOUN(PUNCT/punct, *, PROPN/nmod)",enhanced_ud,0.016907,5.6251,1.7728e-02,-0.0261,0.386385
443,"ud__VERB(*, PROPN/obj)",enhanced_ud,0.009246,6.8945,8.6622e-03,-0.0289,0.385351
444,"ud__NOUN(ADP/case, DET/det, *, PRON/nmod)",enhanced_ud,0.000000,41.7402,1.1015e-10,-0.0710,0.384999
445,"ud__VERB(ADP/mark, *, NOUN/obj, PUNCT/punct)",enhanced_ud,0.000000,11.5684,6.7402e-04,-0.0374,0.384708
446,"ud__NOUN(ADP/case, PUNCT/punct, *, PUNCT/punct)",enhanced_ud,0.011677,9.2797,2.3243e-03,-0.0335,0.384212
447,"ud__VERB(PRON/obj, PRON/nsubj, *)",enhanced_ud,0.003231,14.7453,1.2397e-04,-0.0422,0.384135
448,"ud__VERB(*, NOUN/obl, NOUN/obl)",enhanced_ud,0.000000,16.3831,5.2218e-05,-0.0445,0.383796
449,"ud__NOUN(DET/det, DET/det, *, NOUN/nmod)",enhanced_ud,0.007289,16.1384,5.9401e-05,-0.0442,0.383438
450,"ud__VERB(PRON/nsubj, *, VERB/xcomp, PUNCT/punct)",enhanced_ud,0.007164,34.6827,4.0326e-09,-0.0647,0.383347
451,"ud__ADJ(ADP/case, *)",enhanced_ud,0.005514,18.3280,1.8806e-05,-0.0471,0.383237
452,"ud__NOUN(DET/det, *, NUM/nmod)",enhanced_ud,0.000000,4.7639,2.9091e-02,-0.0240,0.382449
453,"ud__ADV(*, ADP/fixed)",enhanced_ud,0.032425,1.5413,2.1446e-01,-0.0137,0.382168
454,"ud__NUM(ADP/case, *, PUNCT/punct)",enhanced_ud,0.002055,8.2608,4.0615e-03,-0.0316,0.381879
455,"ud__NOUN(PUNCT/punct, ADP/case, *, NOUN/nmod, PUNCT/punct)",enhanced_ud,0.010253,2.7851,9.5185e-02,-0.0184,0.381707
456,nilc__subjunctive_imperfect_ratio,nilc,0.015855,0.8583,3.5425e-01,-0.0102,0.381600
457,"ud__VERB(CCONJ/cc, ADV/advmod, *, NOUN/obj)",enhanced_ud,0.004098,9.7622,1.7875e-03,-0.0344,0.381199
458,"ud__VERB(PRON/obj, *, NOUN/obl)",enhanced_ud,0.000720,11.7408,6.1441e-04,-0.0377,0.380850
459,"ud__NOUN(ADP/case, DET/det, *, PROPN/nmod, PUNCT/punct)",enhanced_ud,0.011091,3.3526,6.7137e-02,-0.0202,0.380653
460,"ud__NOUN(PUNCT/punct, ADP/case, *)",enhanced_ud,0.001273,16.8831,4.0138e-05,-0.0452,0.380305
461,"ud__NOUN(*, VERB/acl)",enhanced_ud,0.032018,0.9921,3.1927e-01,-0.0110,0.380209
462,"ud__NOUN(ADP/case, DET/det, *, PROPN/nmod, NOUN/nmod)",enhanced_ud,0.016972,1.4811,2.2364e-01,-0.0134,0.380161
463,"ud__NOUN(ADP/case, DET/det, ADJ/amod, *, NUM/appos)",enhanced_ud,0.009520,5.3579,2.0652e-02,-0.0255,0.379819
464,"ud__VERB(ADV/advmod, *, NOUN/obj)",enhanced_ud,0.004071,1.0187,3.1286e-01,-0.0111,0.379594
465,"ud__NOUN(ADP/case, DET/det, *, VERB/acl, PUNCT/punct)",enhanced_ud,0.000893,26.5723,2.5975e-07,-0.0567,0.379089
466,"ud__VERB(PROPN/nsubj, *, NOUN/obj, NOUN/obl, PUNCT/punct)",enhanced_ud,0.020472,6.7823,9.2229e-03,-0.0287,0.378686
467,"ud__VERB(NOUN/nsubj:pass, AUX/aux:pass, *, NOUN/obl:agent, PUNCT/punct)",enhanced_ud,0.003791,0.7591,3.8365e-01,-0.0096,0.378678
468,"ud__NOUN(PUNCT/punct, ADP/case, DET/det, *, NOUN/nmod)",enhanced_ud,0.004187,1.1905,2.7527e-01,-0.0120,0.378545
469,"ud__VERB(ADP/mark, AUX/aux:pass, *)",enhanced_ud,0.012095,8.1756,4.2564e-03,-0.0315,0.378439
470,liwc__health (Health),liwc,0.064033,0.7475,3.8730e-01,-0.0095,0.378092
471,"ud__PROPN(PUNCT/punct, *)",enhanced_ud,0.003324,1.9133,1.6664e-01,-0.0152,0.377917
472,"ud__VERB(ADP/mark, PRON/expl, *, NOUN/obl)",enhanced_ud,0.000000,9.4451,2.1241e-03,-0.0338,0.377422
473,"ud__NOUN(PUNCT/punct, DET/det, *, NOUN/nmod)",enhanced_ud,0.001004,15.7005,7.4829e-05,-0.0436,0.377382
474,"ud__NOUN(ADV/advmod, DET/det, *)",enhanced_ud,0.005499,0.7666,3.8129e-01,-0.0096,0.376562
475,"ud__VERB(PRON/expl, *, NOUN/obl)",enhanced_ud,0.001377,24.3741,8.0882e-07,-0.0543,0.376236
476,"ud__VERB(PROPN/nsubj, *, NOUN/obj, VERB/conj, PUNCT/punct)",enhanced_ud,0.012522,0.4707,4.9271e-01,-0.0076,0.375968
477,"ud__VERB(ADV/advmod, *, NOUN/obj, PUNCT/punct)",enhanced_ud,0.006915,4.9113,2.6709e-02,-0.0244,0.375947
478,"ud__NOUN(DET/det, *, VERB/acl:relcl)",enhanced_ud,0.040595,0.7462,3.8771e-01,-0.0095,0.375735
479,"ud__NOUN(ADP/case, DET/det, ADJ/amod, *, PUNCT/punct)",enhanced_ud,0.003015,4.1875,4.0755e-02,-0.0225,0.375670
480,"ud__NOUN(*, NOUN/conj, NOUN/conj)",enhanced_ud,0.008709,8.6103,3.3519e-03,-0.0323,0.375513
481,"ud__NOUN(PUNCT/punct, *, VERB/acl:relcl)",enhanced_ud,0.014124,4.8182,2.8188e-02,-0.0242,0.375440
482,sage__bit_ly,sage_terms,0.002360,32.8825,1.0135e-08,-0.0630,0.375368
483,"ud__VERB(CCONJ/cc, *, NOUN/obj, VERB/advcl)",enhanced_ud,0.012349,1.7555,1.8522e-01,-0.0146,0.375355
484,"ud__NOUN(PUNCT/punct, ADP/case, DET/det, *, PROPN/nmod)",enhanced_ud,0.000000,7.1672,7.4396e-03,-0.0295,0.375141
485,"ud__NOUN(DET/det, ADJ/amod, *, VERB/acl:relcl)",enhanced_ud,0.000000,2.0803,1.4925e-01,-0.0159,0.374548
486,"ud__VERB(SCONJ/mark, ADV/advmod, *, NOUN/obj)",enhanced_ud,0.006336,0.5367,4.6381e-01,-0.0081,0.374097
487,"ud__PROPN(*, PROPN/conj)",enhanced_ud,0.020382,0.5652,4.5221e-01,-0.0083,0.374068
488,"ud__VERB(PRON/nsubj, *, VERB/ccomp, PUNCT/punct)",enhanced_ud,0.012446,0.9247,3.3628e-01,-0.0106,0.373739
489,"ud__PROPN(DET/det, *, PROPN/nmod)",enhanced_ud,0.014371,7.3666,6.6584e-03,-0.0299,0.373582
490,"ud__VERB(*, NOUN/obj)",enhanced_ud,0.059905,0.8585,3.5420e-01,-0.0102,0.372999
491,"ud__VERB(NOUN/obl, NOUN/nsubj, *, VERB/xcomp, PUNCT/punct)",enhanced_ud,0.002711,0.4100,5.2199e-01,-0.0071,0.372307
492,"ud__VERB(SCONJ/mark, PRON/nsubj, *, NOUN/obj)",enhanced_ud,0.009665,5.8889,1.5258e-02,-0.0267,0.372248
493,"ud__VERB(NOUN/nsubj, *, NOUN/obl, VERB/conj, PUNCT/punct)",enhanced_ud,0.000000,5.7057,1.6932e-02,-0.0263,0.372171
494,liwc__shehe (SheHe),liwc,0.090648,1.4502,2.2854e-01,0.0133,0.372157
495,nilc__adverbs_min,nilc,0.003991,20.6884,5.4815e-06,-0.0500,0.372157
496,"ud__NOUN(NUM/nummod, *, ADJ/amod)",enhanced_ud,0.000000,3.9742,4.6236e-02,-0.0219,0.372082
497,"ud__SYM(NUM/nummod, *, NOUN/nmod)",enhanced_ud,0.014640,1.5692,2.1037e-01,-0.0138,0.371746
498,"ud__NOUN(CCONJ/cc, ADP/case, *)",enhanced_ud,0.009161,1.0587,3.0355e-01,-0.0113,0.371050
499,"ud__NUM(*, NUM/flat)",enhanced_ud,0.006361,0.4829,4.8711e-01,-0.0077,0.370854
500,"ud__VERB(PRON/nsubj, ADV/advmod, *, NOUN/obj)",enhanced_ud,0.006438,0.3257,5.6823e-01,-0.0063,0.370006
501,liwc__conj (Conjunctions),liwc,0.108705,1.1597,2.8156e-01,-0.0119,0.370006
502,"ud__VERB(ADP/mark, NOUN/nsubj, *, NOUN/obj)",enhanced_ud,0.018697,0.3990,5.2760e-01,-0.0070,0.369779
503,nilc__min_cw_freq_brwac,nilc,0.039164,2.1005,1.4729e-01,-0.0160,0.369551
504,"ud__VERB(*, NOUN/obl, VERB/advcl)",enhanced_ud,0.002611,0.6892,4.0646e-01,-0.0091,0.369324
505,"ud__ADJ(ADV/advmod, *, NOUN/obl)",enhanced_ud,0.006890,11.4459,7.1984e-04,-0.0372,0.369053
506,"ud__VERB(*, NOUN/obl)",enhanced_ud,0.063872,1.0103,3.1487e-01,-0.0111,0.368475
507,"ud__NOUN(*, NOUN/nmod, VERB/acl)",enhanced_ud,0.008108,0.2603,6.0992e-01,-0.0056,0.368475
508,nilc__noun_ratio,nilc,0.075609,0.7417,3.8915e-01,-0.0095,0.367848
509,"ud__VERB(NOUN/nsubj, *, NOUN/obj, VERB/parataxis, PUNCT/punct)",enhanced_ud,0.010536,0.0874,7.6749e-01,-0.0033,0.367848
510,"ud__VERB(*, NOUN/obl:agent)",enhanced_ud,0.019865,0.2610,6.0946e-01,-0.0056,0.367848
511,"ud__VERB(*, NOUN/obj, ADV/advmod)",enhanced_ud,0.003587,0.6279,4.2814e-01,-0.0087,0.367398
512,nilc__tmp_neg_conn_ratio,nilc,0.005925,7.4675,6.2958e-03,-0.0301,0.367183
513,"ud__VERB(NOUN/nsubj, *, VERB/xcomp, VERB/conj, PUNCT/punct)",enhanced_ud,0.009368,0.2568,6.1234e-01,-0.0056,0.365683
514,"ud__SYM(NUM/nummod, *)",enhanced_ud,0.001907,0.3305,5.6541e-01,-0.0063,0.365013
515,"ud__VERB(*, VERB/advcl)",enhanced_ud,0.004109,0.0595,8.0727e-01,-0.0027,0.364597
516,"ud__NOUN(CCONJ/cc, NUM/nummod, *)",enhanced_ud,0.008032,0.0485,8.2574e-01,-0.0024,0.364597
517,nilc__second_person_possessive_pronouns,nilc,0.000000,7.8635,5.0560e-03,-0.0309,0.364597
518,nilc__dalechall_adapted,nilc,0.065723,1.7339,1.8795e-01,0.0145,0.363510
519,"ud__VERB(SCONJ/mark, NOUN/nsubj, *, NOUN/obj)",enhanced_ud,0.033877,32.0247,1.5732e-08,0.0622,0.362420
520,"ud__NOUN(ADP/case, *, VERB/acl)",enhanced_ud,0.020244,5.0960,2.4008e-02,0.0248,0.362420
521,"ud__NOUN(DET/det, *, ADJ/amod, PROPN/nmod)",enhanced_ud,0.033305,8.5674,3.4317e-03,0.0322,0.362420
522,"ud__NOUN(CCONJ/cc, DET/det, *, NOUN/nmod)",enhanced_ud,0.027607,127.6880,2.1587e-29,0.1235,0.362420
523,"ud__NOUN(DET/det, ADJ/amod, *, NOUN/nmod)",enhanced_ud,0.019133,18.2974,1.9110e-05,0.0470,0.362420
524,"ud__NOUN(PUNCT/punct, *, PROPN/nmod, PUNCT/punct)",enhanced_ud,0.029691,19.7249,9.0593e-06,0.0488,0.362420
525,"ud__VERB(PUNCT/punct, PRON/nsubj, *, NOUN/obj)",enhanced_ud,0.023101,112.1194,4.9409e-26,0.1158,0.362420
526,"ud__NOUN(PUNCT/punct, ADP/case, DET/det, *, PUNCT/punct)",enhanced_ud,0.012262,28.4730,9.7537e-08,0.0587,0.362420
527,"ud__VERB(VERB/ccomp:speech, *, PROPN/nsubj, PUNCT/punct)",enhanced_ud,0.023849,46.6927,8.8937e-12,0.0750,0.362420
528,"ud__NOUN(ADP/case, DET/det, *, NUM/appos)",enhanced_ud,0.022401,15.4097,8.7245e-05,0.0432,0.362420
529,"ud__VERB(PUNCT/punct, *, NOUN/obl)",enhanced_ud,0.035051,82.6269,1.2232e-19,0.0996,0.362420
530,"ud__NOUN(ADP/case, DET/det, ADJ/amod, *, NOUN/nmod)",enhanced_ud,0.026050,16.7007,4.4181e-05,0.0450,0.362420
531,"ud__VERB(PRON/nsubj, AUX/aux, *, NOUN/obj)",enhanced_ud,0.018506,11.3173,7.7137e-04,0.0370,0.362420
532,"ud__NOUN(CCONJ/cc, *, ADJ/amod, NOUN/nmod)",enhanced_ud,0.006824,37.0561,1.1991e-09,0.0669,0.362420
533,"ud__NOUN(DET/det, *, ADJ/amod, NOUN/nmod, NOUN/nmod)",enhanced_ud,0.014334,45.9949,1.2673e-11,0.0745,0.362420
534,"ud__PROPN(PUNCT/punct, ADP/case, *, PUNCT/punct)",enhanced_ud,0.012365,3.8419,5.0021e-02,0.0216,0.362420
535,"ud__VERB(PRON/nsubj, *, NOUN/obj, VERB/advcl)",enhanced_ud,0.010079,21.7890,3.0914e-06,0.0513,0.362420
536,"ud__PROPN(ADP/case, *, PROPN/parataxis)",enhanced_ud,0.004558,9.9838,1.5850e-03,0.0348,0.362420
537,"ud__VERB(PUNCT/punct, *, PROPN/obj)",enhanced_ud,0.000000,22.7281,1.8981e-06,0.0524,0.362420
538,"ud__PROPN(PUNCT/punct, *, PROPN/flat:name, PROPN/flat:name)",enhanced_ud,0.004549,0.0975,7.5487e-01,0.0034,0.362420
539,"ud__ADJ(SCONJ/mark, NOUN/nsubj, AUX/cop, *, NOUN/obl)",enhanced_ud,0.014029,36.9852,1.2433e-09,0.0668,0.362420
540,"ud__VERB(VERB/ccomp:speech, *, PROPN/nsubj, VERB/advcl, PUNCT/punct)",enhanced_ud,0.011508,90.8831,1.9648e-21,0.1044,0.362420
541,"ud__ADJ(ADV/advmod, *, ADJ/conj)",enhanced_ud,0.003921,13.4526,2.4621e-04,0.0404,0.362420
542,"ud__VERB(ADP/mark, *, PROPN/obj, NOUN/obl)",enhanced_ud,0.009005,0.9901,3.1974e-01,0.0110,0.362420
543,"ud__NOUN(ADP/case, *, NOUN/nmod, VERB/acl)",enhanced_ud,0.000000,11.4046,7.3602e-04,0.0372,0.362420
544,"ud__ADV(*, PUNCT/punct)",enhanced_ud,0.024648,22.1504,2.5621e-06,0.0518,0.362420
545,"ud__NOUN(*, NOUN/conj)",enhanced_ud,0.039239,29.6130,5.4264e-08,0.0598,0.362420
546,"ud__VERB(PROPN/nsubj, *, VERB/ccomp, PUNCT/punct)",enhanced_ud,0.023718,1.0204,3.1245e-01,0.0111,0.362420
547,"ud__PROPN(*, PROPN/flat:name, NOUN/appos)",enhanced_ud,0.042031,84.1751,5.6334e-20,0.1005,0.362420
548,"ud__NOUN(DET/det, PUNCT/punct, *, ADJ/amod, PUNCT/punct)",enhanced_ud,0.014597,1.9027,1.6782e-01,0.0152,0.362420
549,"ud__VERB(PROPN/nsubj, *, ADJ/ccomp, PUNCT/punct)",enhanced_ud,0.009737,27.7034,1.4497e-07,0.0579,0.362420
550,"ud__VERB(NOUN/ccomp:speech, *, NOUN/nsubj, PUNCT/punct)",enhanced_ud,0.000000,10.8829,9.7466e-04,0.0363,0.362420
551,"ud__VERB(ADP/mark, ADV/advmod, *, NOUN/obj)",enhanced_ud,0.007304,0.0177,8.9422e-01,0.0015,0.362420
552,"ud__NOUN(CCONJ/cc, DET/det, *, ADJ/amod, NOUN/nmod)",enhanced_ud,0.011200,66.4763,4.0620e-16,0.0894,0.362420
553,"ud__NOUN(ADP/case, NUM/nummod, *, ADJ/amod)",enhanced_ud,0.009412,7.8751,5.0239e-03,0.0309,0.362420
554,"ud__VERB(NOUN/nsubj, *, NOUN/obj, NOUN/obl, VERB/advcl, PUNCT/punct)",enhanced_ud,0.016443,30.1436,4.1313e-08,0.0603,0.362420
555,"ud__NOUN(PUNCT/punct, DET/det, *, ADJ/amod)",enhanced_ud,0.008446,5.9333,1.4878e-02,0.0268,0.362420
556,"ud__NOUN(DET/det, *, NOUN/conj)",enhanced_ud,0.019684,19.9692,7.9749e-06,0.0491,0.362420
557,"ud__PROPN(CCONJ/cc, *, PROPN/flat:name)",enhanced_ud,0.026448,36.4816,1.6079e-09,0.0664,0.362420
558,"ud__VERB(ADV/advmod, NOUN/nsubj, *, VERB/ccomp, PUNCT/punct)",enhanced_ud,0.006816,88.6270,6.0708e-21,0.1031,0.362420
559,"ud__NOUN(ADP/case, *, PUNCT/punct)",enhanced_ud,0.013533,16.5040,4.8998e-05,0.0447,0.362420
560,"ud__VERB(PUNCT/punct, CCONJ/cc, NOUN/nsubj, *, VERB/xcomp)",enhanced_ud,0.008830,72.6014,1.8679e-17,0.0934,0.362420
561,"ud__ADJ(SCONJ/mark, NOUN/nsubj, AUX/cop, *, VERB/conj)",enhanced_ud,0.008415,92.2603,9.8718e-22,0.1052,0.362420
562,"ud__VERB(PROPN/nsubj, *, NOUN/ccomp, PUNCT/punct)",enhanced_ud,0.012067,9.0758,2.5980e-03,0.0332,0.362420
563,"ud__ADJ(NOUN/nsubj, AUX/cop, *, NOUN/obl, PUNCT/punct)",enhanced_ud,0.007959,16.7950,4.2043e-05,0.0451,0.362420
564,"ud__DET(*, NOUN/fixed, ADV/fixed)",enhanced_ud,0.000000,20.4491,6.2093e-06,0.0497,0.362420
565,"ud__VERB(ADV/advmod, *, NOUN/obl)",enhanced_ud,0.000000,2.8640,9.0619e-02,0.0186,0.362420
566,"ud__VERB(ADP/mark, *, NOUN/obj, ADV/advmod)",enhanced_ud,0.007787,6.6759,9.7893e-03,0.0284,0.362420
567,"ud__NOUN(ADP/case, DET/det, PUNCT/punct, *, ADJ/amod, PUNCT/punct)",enhanced_ud,0.008714,3.9179,4.7807e-02,0.0218,0.362420
568,"ud__PROPN(*, PROPN/flat:name, PROPN/flat:name, PROPN/flat:name)",enhanced_ud,0.021281,62.8687,2.4987e-15,0.0870,0.362420
569,"ud__NOUN(ADJ/amod, *, NOUN/nmod)",enhanced_ud,0.014323,14.3649,1.5165e-04,0.0417,0.362420
570,"ud__VERB(NOUN/nsubj, *, NOUN/obl, PUNCT/punct)",enhanced_ud,0.011315,0.0017,9.6710e-01,0.0005,0.362420
571,"ud__VERB(*, NOUN/obj, VERB/advcl)",enhanced_ud,0.023342,44.5961,2.5786e-11,0.0733,0.362420
572,"ud__NOUN(ADP/case, DET/det, *, NOUN/nmod, VERB/acl)",enhanced_ud,0.016400,5.7782,1.6248e-02,0.0265,0.362420
573,"ud__VERB(ADP/mark, *, NOUN/obj, VERB/advcl)",enhanced_ud,0.020275,41.7662,1.0870e-10,0.0710,0.362420
574,"ud__VERB(PUNCT/punct, *, PROPN/obl:agent, PUNCT/punct)",enhanced_ud,0.005036,68.2635,1.6529e-16,0.0906,0.362420
575,"ud__NOUN(PUNCT/punct, ADP/case, DET/det, *, VERB/acl)",enhanced_ud,0.011703,27.6098,1.5214e-07,0.0578,0.362420
576,"ud__ADJ(*, PROPN/obl)",enhanced_ud,0.007624,6.4935,1.0845e-02,0.0280,0.362420
577,"ud__ADV(PUNCT/punct, *, VERB/acl)",enhanced_ud,0.016291,18.4521,1.7623e-05,0.0472,0.362420
578,"ud__VERB(SCONJ/mark, NOUN/nsubj, *, NOUN/obj, NOUN/obl)",enhanced_ud,0.004434,2.3862,1.2245e-01,0.0170,0.362420
579,"ud__VERB(SCONJ/mark, NOUN/nsubj, ADV/advmod, *, NOUN/obj)",enhanced_ud,0.000000,2.2791,1.3117e-01,0.0166,0.362420
580,"ud__NOUN(DET/det, *, NOUN/nmod, VERB/acl)",enhanced_ud,0.015943,39.1420,4.1372e-10,0.0687,0.362420
581,"ud__VERB(ADV/advmod, *)",enhanced_ud,0.018516,73.5940,1.1347e-17,0.0940,0.362420
582,"ud__VERB(*, PROPN/obl:agent)",enhanced_ud,0.016964,1.0738,3.0013e-01,0.0114,0.362420
583,"ud__NOUN(ADP/case, *, NUM/nmod)",enhanced_ud,0.003061,0.0010,9.7517e-01,0.0003,0.362420
584,"ud__VERB(NOUN/nsubj, *, NOUN/obj, VERB/conj, PUNCT/punct)",enhanced_ud,0.029070,16.1828,5.8027e-05,0.0443,0.362420
585,"ud__VERB(NOUN/ccomp:speech, *, PUNCT/punct)",enhanced_ud,0.022113,51.2400,8.8749e-13,0.0786,0.362420
586,"ud__VERB(NOUN/nsubj, ADV/advmod, *, VERB/ccomp, PUNCT/punct)",enhanced_ud,0.011530,0.5820,4.4554e-01,0.0084,0.362420
587,"ud__NOUN(DET/det, *, NOUN/appos)",enhanced_ud,0.004564,4.4658,3.4609e-02,0.0233,0.362420
588,"ud__PROPN(CCONJ/cc, ADP/case, DET/det, *, PROPN/flat:name)",enhanced_ud,0.000000,7.8662,5.0486e-03,0.0309,0.362420
589,"ud__PROPN(CCONJ/cc, DET/det, *, PROPN/flat:name)",enhanced_ud,0.004279,11.0446,8.9334e-04,0.0366,0.362420
590,"ud__NOUN(ADP/case, DET/det, *, ADJ/amod, NOUN/nmod, PUNCT/punct)",enhanced_ud,0.005656,132.4010,2.0846e-30,0.1257,0.362420
591,"ud__VERB(ADP/mark, *, NOUN/obj, PROPN/obl)",enhanced_ud,0.008237,0.6082,4.3548e-01,0.0086,0.362420
592,"ud__VERB(NOUN/nsubj, ADV/advmod, *, NOUN/obj, VERB/advcl, PUNCT/punct)",enhanced_ud,0.025809,116.0230,7.0878e-27,0.1178,0.362420
593,"ud__NOUN(ADP/case, ADJ/amod, *, ADJ/amod)",enhanced_ud,0.014070,44.9079,2.2008e-11,0.0736,0.362420
594,"ud__NOUN(ADP/case, *, NOUN/nmod, PROPN/nmod)",enhanced_ud,0.001969,1.2715,2.5952e-01,0.0124,0.362420
595,"ud__VERB(NOUN/nsubj, *, NOUN/obj, NOUN/obl, PUNCT/punct)",enhanced_ud,0.026742,16.0237,6.3103e-05,0.0440,0.362420
596,"ud__ADJ(*, PUNCT/punct)",enhanced_ud,0.030412,43.4077,4.7169e-11,0.0724,0.362420
597,"ud__PROPN(ADP/case, DET/det, *)",enhanced_ud,0.134008,4.7757,2.8892e-02,0.0241,0.362420
598,sage__destacando_que,sage_terms,0.021737,228.3280,6.6032e-51,0.1641,0.362420
599,sage__debates_acalorados,sage_terms,0.010867,133.1569,1.4331e-30,0.1260,0.362420
600,sage__fontes_internas,sage_terms,0.015221,207.7395,1.5674e-46,0.1567,0.362420
601,sage__reviravolta_surpreendente,sage_terms,0.012609,248.6164,3.3126e-55,0.1711,0.362420
602,"ud__PROPN(ADP/case, *, PROPN/flat:name)",enhanced_ud,0.049900,4.2691,3.8842e-02,0.0227,0.362420
603,"ud__PROPN(DET/det, *)",enhanced_ud,0.053109,0.1326,7.1578e-01,-0.0040,0.362420
604,"ud__PROPN(ADP/case, DET/det, *, PROPN/flat:name)",enhanced_ud,0.066449,0.0051,9.4301e-01,0.0008,0.362420
605,"ud__NOUN(CCONJ/cc, *)",enhanced_ud,0.070664,13.5979,2.2789e-04,0.0406,0.362420
606,"ud__NOUN(DET/det, *, PROPN/nmod)",enhanced_ud,0.085035,23.0424,1.6126e-06,0.0528,0.362420
607,sage__fontes_exclusivas,sage_terms,0.003674,130.2301,6.1168e-30,0.1247,0.362420
608,ud__ADP(*),enhanced_ud,0.089505,0.0396,8.4218e-01,-0.0022,0.362420
609,liwc__focusfuture (Future Focus),liwc,0.110716,0.0983,7.5389e-01,0.0035,0.362420
610,liwc__see (See),liwc,0.108796,6.9673,8.3168e-03,0.0291,0.362420
611,liwc__compare (Comparisons),liwc,0.121864,4.4480,3.4973e-02,0.0232,0.362420
612,liwc__dictionary_coverage,liwc,0.071936,0.6907,4.0595e-01,-0.0092,0.362420
613,sage__artigo_uma,sage_terms,0.004471,0.9137,3.3916e-01,0.0105,0.362420
614,sage__com_gente,sage_terms,0.004185,3.2850,6.9951e-02,-0.0200,0.362420
615,nilc__verbs_min,nilc,0.079695,9.5092,2.0512e-03,0.0339,0.362420
616,nilc__demonstrative_pronoun_ratio,nilc,0.098764,12.5169,4.0551e-04,0.0389,0.362420
617,nilc__cw_freq,nilc,0.029797,0.9268,3.3573e-01,0.0106,0.362420
618,"ud__PROPN(CCONJ/cc, DET/det, *)",enhanced_ud,0.003429,11.2133,8.1578e-04,0.0368,0.362420
619,nilc__indicative_pluperfect_ratio,nilc,0.073164,24.3045,8.3852e-07,0.0542,0.362420
620,sage__revelam_que,sage_terms,0.015321,161.6909,1.0669e-36,0.1387,0.362420
621,sage__com_muitos,sage_terms,0.015396,178.3968,2.8386e-40,0.1455,0.362420
622,sage__promete_ser,sage_terms,0.013619,120.7107,6.8969e-28,0.1201,0.362420
623,sage__fique_atento,sage_terms,0.013004,199.6874,8.1248e-45,0.1537,0.362420
624,nilc__min_freq_bra,nilc,0.048499,0.5728,4.4918e-01,0.0083,0.362420
625,nilc__min_cw_freq_bra,nilc,0.045656,0.3448,5.5708e-01,0.0065,0.362420
626,nilc__min_freq_brwac,nilc,0.043234,0.0022,9.6222e-01,0.0005,0.362420
627,"ud__NOUN(DET/det, ADJ/amod, *)",enhanced_ud,0.029670,40.1870,2.4290e-10,0.0696,0.362420
628,"ud__NOUN(ADP/case, DET/det, *, PROPN/nmod, VERB/acl:relcl)",enhanced_ud,0.017941,8.0201,4.6373e-03,0.0312,0.362420
629,"ud__VERB(PUNCT/punct, *, NOUN/obl:agent, PUNCT/punct)",enhanced_ud,0.017493,162.4595,7.3024e-37,0.1390,0.362420
630,"ud__VERB(NOUN/nsubj, ADV/advmod, *, NOUN/obj, PUNCT/punct)",enhanced_ud,0.021244,0.3172,5.7332e-01,0.0062,0.362420
631,"ud__NOUN(ADP/case, DET/det, ADJ/amod, *, PROPN/nmod)",enhanced_ud,0.025723,13.6863,2.1743e-04,0.0407,0.362420
632,nilc__temporal_adjunct_ratio,nilc,0.138597,0.4176,5.1817e-01,0.0071,0.362420
633,nilc__subjunctive_present_ratio,nilc,0.074382,0.1703,6.7984e-01,0.0045,0.362420
634,sage__uma_reviravolta,sage_terms,0.022068,307.3010,1.4067e-67,0.1895,0.362420
635,sage__apesar_das,sage_terms,0.008936,205.2236,5.3789e-46,0.1558,0.362420
636,"ud__NOUN(ADP/case, DET/det, *, PUNCT/punct)",enhanced_ud,0.031679,6.5574,1.0463e-02,0.0282,0.362420
637,"ud__NOUN(ADJ/amod, *)",enhanced_ud,0.031034,81.3365,2.3348e-19,0.0988,0.362420
638,"ud__VERB(SCONJ/mark, PRON/nsubj, *, VERB/xcomp)",enhanced_ud,0.002741,1.0666,3.0175e-01,0.0114,0.362420
639,"ud__VERB(PRON/nsubj, *, PROPN/obj)",enhanced_ud,0.003292,0.4848,4.8626e-01,0.0077,0.362420
640,"ud__VERB(VERB/ccomp:speech, *, PROPN/nsubj, NOUN/obl, PUNCT/punct)",enhanced_ud,0.012948,15.5009,8.3145e-05,0.0433,0.362420
641,"ud__PROPN(ADP/case, DET/det, *, VERB/acl:relcl)",enhanced_ud,0.005601,2.5647,1.0931e-01,0.0176,0.362420
642,"ud__ADJ(PUNCT/punct, ADV/advmod, *, PUNCT/punct)",enhanced_ud,0.010659,42.7991,6.4276e-11,0.0718,0.362420
643,"ud__PROPN(CCONJ/cc, *, PROPN/flat:name, PROPN/flat:name)",enhanced_ud,0.008245,30.6052,3.2592e-08,0.0608,0.362420
644,"ud__VERB(ADV/advmod, NOUN/nsubj, *, NOUN/obj, PUNCT/punct)",enhanced_ud,0.002769,26.8413,2.2610e-07,0.0570,0.362420
645,"ud__NOUN(ADP/case, DET/det, DET/det, *, ADJ/amod)",enhanced_ud,0.000394,0.0071,9.3307e-01,0.0009,0.362420
646,"ud__NOUN(DET/det, *, NOUN/nmod, NOUN/nmod)",enhanced_ud,0.030911,21.9981,2.7731e-06,0.0516,0.362420
647,"ud__PROPN(ADP/case, DET/det, *, PROPN/flat:name, PROPN/flat:name)",enhanced_ud,0.042045,22.9296,1.7097e-06,0.0527,0.362420
648,"ud__VERB(PRON/nsubj, *, VERB/xcomp)",enhanced_ud,0.019577,102.6723,5.4623e-24,0.1109,0.362420
649,"ud__NOUN(ADP/case, DET/det, *, ADJ/amod, PROPN/nmod)",enhanced_ud,0.044849,4.2890,3.8391e-02,0.0228,0.362420
650,"ud__NOUN(DET/det, *, NOUN/nmod, ADJ/amod)",enhanced_ud,0.009096,28.9662,7.5676e-08,0.0592,0.362420
651,"ud__VERB(NOUN/obl, PROPN/nsubj, *, NOUN/obj, VERB/advcl, PUNCT/punct)",enhanced_ud,0.011911,51.4288,8.0660e-13,0.0787,0.362420
652,"ud__VERB(NOUN/obl, NOUN/nsubj, *, NOUN/obj, VERB/advcl, PUNCT/punct)",enhanced_ud,0.015796,43.2219,5.1842e-11,0.0722,0.362420
653,"ud__PROPN(ADP/case, *, NOUN/conj)",enhanced_ud,0.007686,21.1015,4.4206e-06,0.0505,0.362420
654,"ud__VERB(NOUN/nsubj:pass, AUX/aux:pass, *, VERB/advcl, PUNCT/punct)",enhanced_ud,0.007423,0.2461,6.1984e-01,0.0055,0.362420
655,pos__ADP,pos_tagger,0.096743,0.4154,5.1926e-01,0.0071,0.362420
656,"ud__VERB(ADP/mark, *, NOUN/obj, NOUN/obl)",enhanced_ud,0.032122,26.2075,3.1356e-07,0.0563,0.362420
657,"ud__ADJ(*, NOUN/obl)",enhanced_ud,0.035333,23.7134,1.1388e-06,0.0535,0.362420
658,"ud__PROPN(CCONJ/cc, *)",enhanced_ud,0.036954,40.7911,1.7858e-10,0.0702,0.362420
659,"ud__PROPN(DET/det, *, PROPN/flat:name)",enhanced_ud,0.030703,8.9270,2.8181e-03,0.0329,0.362420
660,"ud__NOUN(ADP/case, DET/det, ADJ/amod, *)",enhanced_ud,0.031115,50.9172,1.0451e-12,0.0783,0.362420
661,"ud__NOUN(ADP/case, DET/det, *, VERB/acl)",enhanced_ud,0.038572,9.4352,2.1356e-03,0.0338,0.362420
662,"ud__VERB(NOUN/nsubj, *, NOUN/obj, PUNCT/punct)",enhanced_ud,0.057635,49.2598,2.4196e-12,0.0771,0.362420
663,"ud__ADP(*, SCONJ/fixed)",enhanced_ud,0.035265,0.0004,9.8471e-01,0.0002,0.362420
664,"ud__VERB(PRON/nsubj, *, NOUN/obj)",enhanced_ud,0.039197,23.5978,1.2091e-06,0.0534,0.362420
665,"ud__NOUN(DET/det, *, ADJ/amod, VERB/acl:relcl)",enhanced_ud,0.027618,101.9465,7.8439e-24,0.1105,0.362420
666,"ud__NOUN(ADP/case, DET/det, *, NOUN/conj, NOUN/nmod)",enhanced_ud,0.000000,13.5838,2.2960e-04,0.0405,0.362420
667,"ud__ADJ(ADV/advmod, *)",enhanced_ud,0.039471,24.3847,8.0443e-07,0.0543,0.362420
668,"ud__VERB(CCONJ/cc, *, NOUN/obj)",enhanced_ud,0.044694,14.0437,1.7983e-04,0.0412,0.362420
669,"ud__NUM(ADP/case, *)",enhanced_ud,0.031698,0.0474,8.2765e-01,0.0024,0.362420
670,"ud__ADP(*, DET/fixed)",enhanced_ud,0.032491,76.9346,2.1219e-18,0.0961,0.362420
671,"ud__PROPN(*, PROPN/flat:name, PROPN/flat:name)",enhanced_ud,0.036846,14.8979,1.1436e-04,0.0425,0.362420
672,"ud__NOUN(ADP/case, DET/det, *, NOUN/conj)",enhanced_ud,0.025699,4.2234,3.9902e-02,0.0226,0.362420
673,"ud__NOUN(CCONJ/cc, DET/det, *)",enhanced_ud,0.028742,11.1800,8.3051e-04,0.0368,0.362420
674,"ud__NOUN(CCONJ/cc, ADP/case, DET/det, *, NOUN/nmod)",enhanced_ud,0.011088,0.7826,3.7636e-01,0.0097,0.362420
675,"ud__NOUN(PUNCT/punct, ADP/case, *, VERB/acl)",enhanced_ud,0.012400,104.0067,2.8085e-24,0.1116,0.362420
676,"ud__PROPN(ADP/case, *, PROPN/flat:name, PROPN/flat:name)",enhanced_ud,0.013499,8.4101,3.7412e-03,0.0319,0.362420
677,"ud__VERB(PUNCT/punct, CCONJ/cc, *, NOUN/obj)",enhanced_ud,0.004639,51.3400,8.4369e-13,0.0787,0.362420
678,"ud__VERB(NOUN/obl, NOUN/nsubj, *, VERB/ccomp, PUNCT/punct)",enhanced_ud,0.004214,6.9132,8.5718e-03,0.0289,0.362420
679,"ud__NOUN(DET/det, ADJ/amod, *, ADJ/amod)",enhanced_ud,0.003965,22.9559,1.6865e-06,0.0527,0.362420
680,"ud__PROPN(*, PROPN/flat:name, PROPN/flat:name, NOUN/appos)",enhanced_ud,0.007695,41.7403,1.1014e-10,0.0710,0.362420
681,"ud__NOUN(PUNCT/punct, *, ADJ/amod, PUNCT/punct)",enhanced_ud,0.000000,3.9828,4.6001e-02,0.0220,0.362420
682,"ud__PROPN(*, PROPN/flat:name, PROPN/conj)",enhanced_ud,0.000000,4.2658,3.8918e-02,0.0227,0.362420
683,"ud__NOUN(ADP/case, *, ADJ/amod, VERB/acl)",enhanced_ud,0.016650,53.1493,3.3772e-13,0.0800,0.362420
684,"ud__SYM(ADP/case, *, NUM/nummod)",enhanced_ud,0.007651,0.9849,3.2102e-01,0.0109,0.362420
685,"ud__NOUN(CCONJ/cc, DET/det, *, PROPN/nmod)",enhanced_ud,0.013424,14.4813,1.4258e-04,0.0419,0.362420
686,"ud__VERB(PUNCT/punct, PRON/nsubj, *, NOUN/obj, PUNCT/punct)",enhanced_ud,0.023259,98.2643,4.9235e-23,0.1085,0.362420
687,"ud__NOUN(DET/det, ADJ/amod, *, PROPN/nmod)",enhanced_ud,0.013530,2.3008,1.2935e-01,0.0167,0.362420
688,"ud__PROPN(ADP/case, DET/det, *, PROPN/flat:name, PROPN/nmod)",enhanced_ud,0.009941,0.0324,8.5715e-01,0.0020,0.362420
689,"ud__PROPN(CCONJ/cc, ADP/case, DET/det, *)",enhanced_ud,0.012565,0.3482,5.5517e-01,0.0065,0.362420
690,"ud__NOUN(DET/det, *, ADJ/amod, NOUN/conj)",enhanced_ud,0.014629,77.8584,1.3350e-18,0.0967,0.362420
691,"ud__NOUN(PUNCT/punct, ADP/case, DET/det, *, ADJ/amod, PUNCT/punct)",enhanced_ud,0.023641,111.9978,5.2490e-26,0.1157,0.362420
692,"ud__NOUN(*, ADJ/amod, VERB/acl:relcl)",enhanced_ud,0.009744,100.4261,1.6744e-23,0.1097,0.362420
693,"ud__VERB(SCONJ/mark, PROPN/nsubj, *, NOUN/obj)",enhanced_ud,0.009415,0.0322,8.5755e-01,0.0020,0.362420
694,"ud__VERB(*, NOUN/obj, VERB/conj)",enhanced_ud,0.019403,7.3723,6.6372e-03,0.0299,0.362420
695,"ud__NOUN(DET/det, *, NOUN/nmod, VERB/acl:relcl)",enhanced_ud,0.020779,13.8938,1.9473e-04,0.0410,0.362420
696,"ud__NOUN(DET/det, *, PROPN/nmod, NOUN/nmod)",enhanced_ud,0.018412,7.8999,4.9554e-03,0.0309,0.362420
697,"ud__VERB(PUNCT/punct, PRON/nsubj, *, VERB/xcomp)",enhanced_ud,0.010452,51.3135,8.5508e-13,0.0786,0.362420
698,"ud__VERB(ADP/mark, *, VERB/ccomp)",enhanced_ud,0.010685,0.0982,7.5406e-01,-0.0034,0.362420
699,"ud__VERB(NOUN/ccomp:speech, *, PROPN/nsubj, PUNCT/punct)",enhanced_ud,0.008396,62.4409,3.0998e-15,0.0867,0.362420
700,"ud__NOUN(PUNCT/punct, ADP/case, DET/det, *, NOUN/nmod, PUNCT/punct)",enhanced_ud,0.004481,0.0243,8.7616e-01,-0.0017,0.362420
701,"ud__NOUN(PUNCT/punct, ADP/case, DET/det, *, PROPN/nmod, PUNCT/punct)",enhanced_ud,0.007983,1.1203,2.8988e-01,0.0117,0.362420
702,"ud__VERB(PUNCT/punct, *, NOUN/ccomp)",enhanced_ud,0.018819,132.8174,1.6958e-30,0.1259,0.362420
703,"ud__NOUN(*, ADJ/amod, ADJ/amod)",enhanced_ud,0.015411,34.0042,5.7066e-09,0.0641,0.362420
704,"ud__PROPN(ADP/case, *, PROPN/flat:name, PROPN/conj)",enhanced_ud,0.007444,39.1948,4.0273e-10,0.0688,0.362420
705,"ud__VERB(NOUN/nsubj, *, NOUN/obl, VERB/advcl, PUNCT/punct)",enhanced_ud,0.014222,29.0103,7.3979e-08,0.0592,0.362420
706,"ud__VERB(AUX/aux, *, NOUN/obj)",enhanced_ud,0.006139,17.9410,2.3033e-05,0.0466,0.362420
707,"ud__NOUN(ADP/case, DET/det, *, PROPN/nmod, PROPN/appos)",enhanced_ud,0.004690,7.1126,7.6692e-03,0.0294,0.362420
708,"ud__VERB(AUX/aux:pass, *)",enhanced_ud,0.000959,0.0000,9.9895e-01,-0.0000,0.362420
709,"ud__VERB(NOUN/obl, NOUN/nsubj, *, NOUN/obj, PUNCT/punct)",enhanced_ud,0.010353,14.3505,1.5282e-04,0.0417,0.362420
710,"ud__NOUN(SYM/nmod, NUM/nummod, *)",enhanced_ud,0.015561,10.6692,1.0938e-03,0.0359,0.362420
711,"ud__NOUN(ADP/case, *, ADJ/amod, PROPN/nmod)",enhanced_ud,0.029839,112.2847,4.5507e-26,0.1159,0.362420
712,"ud__VERB(PUNCT/punct, *, NOUN/obj, VERB/conj)",enhanced_ud,0.035420,172.1195,6.2426e-39,0.1430,0.362420
713,sage__documentos_secretos,sage_terms,0.016328,130.7394,4.7515e-30,0.1249,0.362420
714,sage__que_promete,sage_terms,0.033408,242.9554,5.2322e-54,0.1692,0.362420
715,"ud__ADJ(*, VERB/acl)",enhanced_ud,0.005909,9.4461,2.1229e-03,0.0338,0.362420
716,nilc__first_person_possessive_pronouns,nilc,0.022831,39.3865,3.6524e-10,0.0689,0.362420
717,"ud__VERB(PUNCT/punct, CCONJ/cc, ADV/advmod, *, NOUN/obj)",enhanced_ud,0.014253,176.7045,6.5290e-40,0.1448,0.362420
718,"ud__NOUN(ADP/case, ADJ/amod, *, NOUN/nmod)",enhanced_ud,0.028353,30.3645,3.6880e-08,0.0606,0.362420
719,"ud__NOUN(ADP/case, DET/det, *, ADJ/amod, NOUN/conj)",enhanced_ud,0.018524,102.3693,6.3531e-24,0.1107,0.362420
720,"ud__ADV(PUNCT/punct, *, NOUN/obl, PUNCT/punct)",enhanced_ud,0.012844,26.8258,2.2791e-07,0.0569,0.362420
721,"ud__CCONJ(*, PUNCT/punct)",enhanced_ud,0.004901,51.3632,8.3382e-13,0.0787,0.362420
722,sage__agora_enfrenta,sage_terms,0.023689,118.7278,1.8474e-27,0.1191,0.362420
723,"ud__PROPN(PUNCT/punct, ADP/case, DET/det, *, PUNCT/punct)",enhanced_ud,0.013700,5.3539,2.0701e-02,0.0255,0.362420
724,"ud__NOUN(ADP/case, *, NOUN/nmod, NOUN/conj)",enhanced_ud,0.006359,9.7161,1.8329e-03,0.0343,0.362420
725,"ud__SYM(ADP/case, NUM/nummod, *)",enhanced_ud,0.008288,21.5200,3.5555e-06,0.0510,0.362420
726,"ud__NOUN(CCONJ/cc, *, PROPN/nmod)",enhanced_ud,0.013719,14.9177,1.1316e-04,0.0425,0.362420
727,"ud__NOUN(DET/det, *, PROPN/nmod, VERB/acl:relcl)",enhanced_ud,0.010877,52.0279,5.9561e-13,0.0792,0.362420
728,"ud__NOUN(ADP/case, DET/det, ADJ/amod, *, ADJ/amod)",enhanced_ud,0.012835,63.2755,2.0356e-15,0.0873,0.362420
729,"ud__VERB(PUNCT/punct, *, ADV/advmod, NOUN/obj)",enhanced_ud,0.012955,202.4080,2.1392e-45,0.1548,0.362420
730,"ud__NOUN(*, ADJ/amod, NOUN/conj)",enhanced_ud,0.009228,134.6349,6.8889e-31,0.1267,0.362420
731,"ud__NOUN(ADP/case, *, ADJ/amod, ADJ/amod)",enhanced_ud,0.025621,134.2630,8.2832e-31,0.1266,0.362420
732,"ud__PROPN(DET/det, *, PROPN/flat:name, PROPN/flat:name, PROPN/appos)",enhanced_ud,0.020336,226.7677,1.4155e-50,0.1636,0.362420
733,"ud__VERB(NOUN/nsubj, *, ADJ/ccomp, PUNCT/punct)",enhanced_ud,0.015467,59.7562,1.2000e-14,0.0848,0.362420
734,"ud__PROPN(*, VERB/acl:relcl)",enhanced_ud,0.013847,167.9804,4.7988e-38,0.1413,0.362420
735,"ud__VERB(NOUN/nsubj, *, NOUN/ccomp, PUNCT/punct)",enhanced_ud,0.015996,37.2028,1.1126e-09,0.0670,0.362420
736,"ud__NOUN(ADP/case, DET/det, *, NOUN/nmod, NOUN/conj)",enhanced_ud,0.006639,48.5838,3.4085e-12,0.0765,0.362420
737,"ud__ADP(*, NOUN/fixed, ADP/fixed)",enhanced_ud,0.011661,31.3104,2.2693e-08,0.0615,0.362420
738,"ud__NOUN(ADP/case, DET/det, *, NOUN/nmod, VERB/acl:relcl)",enhanced_ud,0.012417,0.0164,8.9811e-01,-0.0014,0.362420
739,"ud__NOUN(DET/det, *, PROPN/nmod, NOUN/appos)",enhanced_ud,0.015122,43.5135,4.4698e-11,0.0724,0.362420
740,"ud__VERB(*, ADV/advmod, NOUN/obj)",enhanced_ud,0.009417,97.5711,6.9586e-23,0.1081,0.362420
741,sage__especialistas_afirmam,sage_terms,0.022332,291.7779,2.5801e-64,0.1848,0.362420
742,nilc__indicative_imperfect_ratio,nilc,0.062627,49.6383,1.9974e-12,0.0773,0.362420
743,nilc__indicative_future_ratio,nilc,0.051598,0.0659,7.9746e-01,0.0028,0.362420
744,nilc__imageabilidade_1_25_ratio,nilc,0.008195,39.2270,3.9616e-10,0.0688,0.362420
745,nilc__adverbs_standard_deviation,nilc,0.127075,2.8698,9.0292e-02,0.0186,0.362420
746,nilc__adjectives_min,nilc,0.019853,51.9070,6.3321e-13,0.0791,0.362420
747,sage__tem_gerado,sage_terms,0.011729,151.8961,1.3444e-34,0.1345,0.362420
748,sage__especialistas_alertam,sage_terms,0.021119,196.8245,3.3108e-44,0.1527,0.362420
749,"ud__NOUN(CCONJ/cc, ADP/case, DET/det, *, ADJ/amod)",enhanced_ud,0.006288,9.2696,2.3372e-03,0.0335,0.362420
750,"ud__VERB(PUNCT/punct, *, VERB/xcomp)",enhanced_ud,0.015231,77.0584,1.9941e-18,0.0962,0.362420
751,"ud__PROPN(PUNCT/punct, *, PROPN/flat:name, PROPN/flat:name, PUNCT/punct)",enhanced_ud,0.016922,23.9546,1.0050e-06,0.0538,0.362420
752,"ud__ADP(*, PRON/fixed, PRON/fixed)",enhanced_ud,0.024319,6.4165,1.1325e-02,0.0279,0.362420
753,"ud__NOUN(DET/det, *, PROPN/nmod, PROPN/nmod)",enhanced_ud,0.023086,3.0230,8.2126e-02,0.0191,0.362420
754,"ud__ADV(PUNCT/punct, *, NOUN/obl)",enhanced_ud,0.017454,24.5597,7.3476e-07,0.0545,0.362420
755,"ud__NOUN(ADP/case, DET/det, *, NOUN/nmod, PROPN/nmod)",enhanced_ud,0.006551,0.5874,4.4346e-01,0.0084,0.362420
756,"ud__VERB(ADP/mark, *, NOUN/obj, VERB/conj)",enhanced_ud,0.011516,70.7249,4.7952e-17,0.0922,0.362420
757,"ud__NOUN(CCONJ/cc, DET/det, *, ADJ/amod)",enhanced_ud,0.022524,87.5971,1.0162e-20,0.1025,0.362420
758,"ud__VERB(NOUN/nsubj:pass, AUX/aux:pass, *, NOUN/obl, PUNCT/punct)",enhanced_ud,0.020518,2.4751,1.1570e-01,0.0173,0.362420
759,"ud__NOUN(PUNCT/punct, ADP/case, *, PUNCT/punct)",enhanced_ud,0.013108,6.8916,8.6763e-03,0.0289,0.362420
760,"ud__NOUN(ADJ/amod, *, ADJ/amod)",enhanced_ud,0.001915,52.5130,4.6596e-13,0.0795,0.362420
761,"ud__PRON(ADP/case, *, PUNCT/punct)",enhanced_ud,0.005442,6.0522,1.3910e-02,0.0271,0.362420
762,"ud__NOUN(DET/det, ADJ/amod, *, VERB/acl)",enhanced_ud,0.000000,0.0004,9.8504e-01,0.0002,0.362420
763,"ud__NOUN(ADP/case, DET/det, *, PROPN/nmod, NOUN/conj)",enhanced_ud,0.008201,3.3316,6.7997e-02,0.0201,0.362420
764,"ud__VERB(SCONJ/mark, NOUN/nsubj:pass, AUX/aux:pass, *, NOUN/obl)",enhanced_ud,0.003267,16.6025,4.6523e-05,0.0448,0.362420
765,"ud__VERB(PUNCT/punct, *, PROPN/obl, PUNCT/punct)",enhanced_ud,0.008357,78.5427,9.4719e-19,0.0971,0.362420
766,"ud__ADV(ADP/case, *, NOUN/obl)",enhanced_ud,0.001588,19.8383,8.5388e-06,0.0490,0.362420
767,"ud__NOUN(ADP/case, DET/det, *, PROPN/nmod, VERB/acl)",enhanced_ud,0.000540,1.7172,1.9008e-01,0.0144,0.362420
768,"ud__NOUN(*, ADJ/amod, VERB/acl)",enhanced_ud,0.025347,146.9012,1.5881e-33,0.1323,0.362420
769,"ud__NOUN(DET/det, *, PROPN/nmod, PROPN/parataxis)",enhanced_ud,0.008368,11.9802,5.4042e-04,0.0381,0.362420
770,"ud__NOUN(DET/det, *, PROPN/nmod, NOUN/conj)",enhanced_ud,0.005031,5.2121,2.2455e-02,0.0251,0.362420
771,"ud__VERB(NOUN/nsubj, *, VERB/advcl, PUNCT/punct)",enhanced_ud,0.009771,26.2049,3.1398e-07,0.0563,0.362420
772,"ud__NOUN(DET/det, *, ADJ/amod, ADJ/amod)",enhanced_ud,0.019686,165.3288,1.7736e-37,0.1402,0.362420
773,"ud__NOUN(ADP/case, *, ADJ/amod, NOUN/conj)",enhanced_ud,0.033575,144.9518,4.1654e-33,0.1314,0.362420
774,"ud__VERB(VERB/ccomp:speech, *, PUNCT/punct)",enhanced_ud,0.011357,26.7491,2.3710e-07,0.0569,0.362420
775,"ud__NOUN(ADP/case, *, VERB/acl:relcl)",enhanced_ud,0.000000,0.4244,5.1476e-01,0.0072,0.362420
776,"ud__NOUN(ADP/case, DET/det, *, ADJ/amod, ADJ/amod)",enhanced_ud,0.017411,72.4550,2.0104e-17,0.0933,0.362420
777,"ud__NOUN(ADP/case, DET/det, *, ADJ/amod, VERB/acl:relcl)",enhanced_ud,0.009528,58.9796,1.7757e-14,0.0843,0.362420
778,"ud__VERB(SCONJ/mark, NOUN/nsubj, *, NOUN/obj, VERB/advcl)",enhanced_ud,0.012710,37.0085,1.2286e-09,0.0668,0.362420
779,"ud__NUM(PUNCT/punct, *, NOUN/nmod)",enhanced_ud,0.014561,4.8153,2.8236e-02,0.0242,0.362420
780,"ud__PROPN(ADP/case, DET/det, *, PROPN/flat:name, PROPN/flat:name, PROPN/flat:name)",enhanced_ud,0.013659,14.1705,1.6813e-04,0.0414,0.362420
781,"ud__NOUN(PUNCT/punct, ADP/case, NUM/nummod, *, PUNCT/punct)",enhanced_ud,0.017001,25.7463,3.9787e-07,0.0558,0.362420
782,"ud__NUM(ADP/case, *, NOUN/nmod)",enhanced_ud,0.005913,6.7602,9.3380e-03,0.0286,0.362420
783,"ud__NOUN(*, ADJ/amod, PROPN/nmod)",enhanced_ud,0.024923,101.0822,1.2071e-23,0.1100,0.362420
784,"ud__PROPN(ADP/case, *, PROPN/conj)",enhanced_ud,0.027430,16.8227,4.1435e-05,0.0451,0.362420
785,"ud__VERB(PROPN/nsubj, *, NOUN/obj, VERB/advcl, PUNCT/punct)",enhanced_ud,0.028970,113.1594,2.9449e-26,0.1163,0.362420
786,"ud__NOUN(PUNCT/punct, ADP/case, *, NOUN/nmod)",enhanced_ud,0.017589,0.0215,8.8351e-01,0.0016,0.362420
787,"ud__VERB(PUNCT/punct, *, ADJ/ccomp)",enhanced_ud,0.006355,226.7245,1.4457e-50,0.1636,0.362420
788,"ud__NOUN(ADP/case, SYM/nmod, NUM/nummod, *)",enhanced_ud,0.018867,58.1068,2.7585e-14,0.0836,0.362420
789,"ud__VERB(NOUN/nsubj, AUX/aux, *, NOUN/obj, PUNCT/punct)",enhanced_ud,0.010354,17.7363,2.5644e-05,0.0463,0.362420
790,"ud__NOUN(DET/det, *, PROPN/nmod, VERB/acl)",enhanced_ud,0.036469,134.1557,8.7354e-31,0.1265,0.362420
791,"ud__NOUN(CCONJ/cc, ADP/case, DET/det, *)",enhanced_ud,0.012569,0.0038,9.5053e-01,0.0007,0.362420
792,"ud__ADJ(SCONJ/mark, NOUN/nsubj, AUX/cop, *)",enhanced_ud,0.010509,3.1859,7.4312e-02,0.0196,0.362420
793,"ud__VERB(NOUN/obl, PROPN/nsubj, *, NOUN/obj, PUNCT/punct)",enhanced_ud,0.000000,6.0785,1.3704e-02,0.0271,0.362420
794,"ud__VERB(PUNCT/punct, CCONJ/cc, NOUN/nsubj, *, NOUN/obj)",enhanced_ud,0.020039,179.6479,1.5337e-40,0.1460,0.362420
795,"ud__NOUN(PUNCT/punct, DET/det, *, VERB/acl:relcl)",enhanced_ud,0.009370,70.7583,4.7154e-17,0.0922,0.362420
796,"ud__VERB(NOUN/obl, PROPN/nsubj, *, VERB/ccomp, PUNCT/punct)",enhanced_ud,0.007365,18.3600,1.8494e-05,0.0471,0.362420
797,"ud__ADV(*, VERB/acl)",enhanced_ud,0.007925,0.0396,8.4234e-01,0.0022,0.362420
798,"ud__NOUN(DET/det, *, NOUN/nmod, NOUN/conj)",enhanced_ud,0.025918,150.8293,2.2777e-34,0.1340,0.362420
799,"ud__VERB(PUNCT/punct, CCONJ/cc, NOUN/nsubj, *, VERB/ccomp)",enhanced_ud,0.030041,194.7820,9.0230e-44,0.1519,0.362420
800,"ud__ADJ(PUNCT/punct, *, NOUN/obl)",enhanced_ud,0.003380,40.5954,1.9729e-10,0.0700,0.362420
801,"ud__NUM(ADV/advmod, *, NUM/flat)",enhanced_ud,0.008792,2.1212,1.4531e-01,0.0160,0.362420
802,"ud__PROPN(ADP/case, *, PUNCT/punct)",enhanced_ud,0.006542,15.9619,6.5194e-05,0.0439,0.362420
803,"ud__PROPN(*, NOUN/appos)",enhanced_ud,0.007741,10.1428,1.4540e-03,0.0350,0.362420
804,"ud__ADJ(ADV/advmod, ADV/advmod, *)",enhanced_ud,0.014693,124.1021,1.2798e-28,0.1218,0.362420
805,"ud__NOUN(*, NOUN/nmod, NOUN/conj)",enhanced_ud,0.001273,6.8742,8.7607e-03,0.0289,0.362420
806,"ud__NOUN(ADP/case, *, ADJ/amod, VERB/acl:relcl)",enhanced_ud,0.014994,66.0219,5.1059e-16,0.0891,0.362420
807,"ud__VERB(PUNCT/punct, *, NOUN/obj, PUNCT/punct)",enhanced_ud,0.017769,56.1214,7.5175e-14,0.0822,0.362420
808,"ud__NOUN(DET/det, *, NOUN/nmod, PROPN/nmod)",enhanced_ud,0.010404,1.6698,1.9632e-01,0.0142,0.362420
809,"ud__VERB(PROPN/nsubj, ADV/advmod, *, NOUN/obj, PUNCT/punct)",enhanced_ud,0.007175,0.1890,6.6373e-01,0.0048,0.362420
810,"ud__VERB(PUNCT/punct, *, NOUN/obj, VERB/advcl)",enhanced_ud,0.005621,24.0718,9.4586e-07,0.0539,0.362420
811,"ud__VERB(SCONJ/mark, PROPN/nsubj, *, VERB/xcomp)",enhanced_ud,0.014205,0.0002,9.8954e-01,-0.0001,0.362420
812,"ud__VERB(PUNCT/punct, *, NOUN/obl:agent)",enhanced_ud,0.018141,30.2395,3.9327e-08,0.0604,0.362420
813,"ud__NOUN(DET/det, *, NOUN/conj, NOUN/nmod)",enhanced_ud,0.008242,50.2890,1.4365e-12,0.0778,0.362420
814,"ud__PROPN(ADP/case, DET/det, *, PUNCT/punct)",enhanced_ud,0.002303,9.6214,1.9298e-03,0.0341,0.362420
815,"ud__NOUN(ADP/case, PUNCT/punct, *, ADJ/amod, PUNCT/punct)",enhanced_ud,0.006159,10.3874,1.2737e-03,0.0355,0.362420
816,"ud__PROPN(ADP/case, *, PROPN/flat:name, NOUN/appos)",enhanced_ud,0.018601,1.7989,1.7988e-01,0.0148,0.362420
817,"ud__NOUN(PUNCT/punct, ADP/case, *, ADJ/amod, PUNCT/punct)",enhanced_ud,0.008327,45.1395,1.9566e-11,0.0738,0.362420
818,"ud__PROPN(ADP/case, DET/det, *, PROPN/conj)",enhanced_ud,0.019459,5.1265,2.3589e-02,0.0249,0.362420
819,"ud__ADV(*, NOUN/obl, PUNCT/punct)",enhanced_ud,0.014330,1.1009,2.9409e-01,0.0116,0.362420
820,"ud__VERB(ADP/mark, *, PROPN/obj)",enhanced_ud,0.021855,0.0395,8.4252e-01,0.0022,0.362420
821,"ud__NOUN(ADP/case, DET/det, *, ADJ/amod, VERB/acl)",enhanced_ud,0.020901,82.4828,1.3148e-19,0.0995,0.362420
822,"ud__PROPN(ADP/case, DET/det, *, PROPN/flat:name, PROPN/flat:name, PROPN/appos)",enhanced_ud,0.021214,170.7993,1.1963e-38,0.1424,0.362420
823,"ud__PROPN(DET/det, *, PROPN/flat:name, PROPN/flat:name)",enhanced_ud,0.024208,7.9058,4.9393e-03,0.0309,0.362420
824,sage__fontes_anonimas,sage_terms,0.000000,0.0000,1.0000e+00,0.0000,0.000000
825,sage__facebook_whatsapp,sage_terms,0.008771,0.0000,1.0000e+00,0.0000,0.000000
826,sage__fontes_nao,sage_terms,0.000000,0.0000,1.0000e+00,0.0000,0.000000
827,sage__revelacao_bombastica,sage_terms,0.000081,0.0000,1.0000e+00,0.0000,0.000000
828,sage__entrevista_bombastica,sage_terms,0.002539,0.0000,1.0000e+00,0.0000,0.000000
829,sage__leia_tambem,sage_terms,0.002849,0.0000,1.0000e+00,0.0000,0.000000
830,sage__alegacoes_de,sage_terms,0.007167,0.0000,1.0000e+00,0.0000,0.000000
831,sage__novas_revelacoes,sage_terms,0.002968,0.0000,1.0000e+00,0.0000,0.000000
832,sage__nao_oficiais,sage_terms,0.005240,0.0000,1.0000e+00,0.0000,0.000000
833,pos__PART,pos_tagger,0.000000,0.0000,1.0000e+00,0.0000,0.000000
834,sage__anonimas_afirmam,sage_terms,0.000000,0.0000,1.0000e+00,0.0000,0.000000
835,sage__video_viral,sage_terms,0.000000,0.0000,1.0000e+00,0.0000,0.000000
836,sage__expectativa_que,sage_terms,0.006881,0.0000,1.0000e+00,0.0000,0.000000
837,sage__novas_evidencias,sage_terms,0.005391,0.0000,1.0000e+00,0.0000,0.000000
838,sage__uma_conspiracao,sage_terms,0.000000,0.0000,1.0000e+00,0.0000,0.000000
839,sage__um_escandalo,sage_terms,0.003559,0.0000,1.0000e+00,0.0000,0.000000
